create database vk2;

use vk2;

DROP TABLE IF EXISTS users;
CREATE TABLE users (
	id SERIAL PRIMARY KEY, -- SERIAL = BIGINT UNSIGNED NOT NULL AUTO_INCREMENT UNIQUE
    firstname VARCHAR(50),
    lastname VARCHAR(50),
    email VARCHAR(120) UNIQUE,
    phone BIGINT, 
    INDEX users_phone_idx(phone),
    INDEX users_firstname_lastname_idx(firstname, lastname)
);

INSERT INTO `users` (`id`, `firstname`, `lastname`, `email`, `phone`) VALUES ('1', 'Dawson', 'White', 'nitzsche.gloria@example.com', '163887');
INSERT INTO `users` (`id`, `firstname`, `lastname`, `email`, `phone`) VALUES ('2', 'Camron', 'Hirthe', 'neva13@example.net', '124769');
INSERT INTO `users` (`id`, `firstname`, `lastname`, `email`, `phone`) VALUES ('3', 'Kenyatta', 'Waelchi', 'irma.zulauf@example.org', '721');
INSERT INTO `users` (`id`, `firstname`, `lastname`, `email`, `phone`) VALUES ('4', 'Nola', 'Vandervort', 'rory79@example.org', '92');
INSERT INTO `users` (`id`, `firstname`, `lastname`, `email`, `phone`) VALUES ('5', 'Berta', 'Veum', 'wleffler@example.net', '1');
INSERT INTO `users` (`id`, `firstname`, `lastname`, `email`, `phone`) VALUES ('6', 'Cary', 'Vandervort', 'tschaefer@example.org', '1');
INSERT INTO `users` (`id`, `firstname`, `lastname`, `email`, `phone`) VALUES ('7', 'Demario', 'Lowe', 'alan38@example.net', '1');
INSERT INTO `users` (`id`, `firstname`, `lastname`, `email`, `phone`) VALUES ('8', 'Eleonore', 'Rogahn', 'everette.nikolaus@example.com', '2812842540');
INSERT INTO `users` (`id`, `firstname`, `lastname`, `email`, `phone`) VALUES ('9', 'Giovanni', 'Steuber', 'hettinger.angela@example.com', '153615');
INSERT INTO `users` (`id`, `firstname`, `lastname`, `email`, `phone`) VALUES ('10', 'Gerry', 'Klein', 'brisa20@example.org', '659795');
INSERT INTO `users` (`id`, `firstname`, `lastname`, `email`, `phone`) VALUES ('11', 'Idell', 'Schimmel', 'rtillman@example.com', '8083885636');
INSERT INTO `users` (`id`, `firstname`, `lastname`, `email`, `phone`) VALUES ('12', 'Sofia', 'Feeney', 'dklein@example.org', '1032933757');
INSERT INTO `users` (`id`, `firstname`, `lastname`, `email`, `phone`) VALUES ('13', 'Barney', 'Hudson', 'estevan75@example.org', '1');
INSERT INTO `users` (`id`, `firstname`, `lastname`, `email`, `phone`) VALUES ('14', 'Thalia', 'O\'Conner', 'felipe05@example.net', '86');
INSERT INTO `users` (`id`, `firstname`, `lastname`, `email`, `phone`) VALUES ('15', 'Fae', 'Rogahn', 'icarroll@example.com', '0');
INSERT INTO `users` (`id`, `firstname`, `lastname`, `email`, `phone`) VALUES ('16', 'Samir', 'Pouros', 'florian.pfannerstill@example.com', '476');
INSERT INTO `users` (`id`, `firstname`, `lastname`, `email`, `phone`) VALUES ('17', 'Jovan', 'Osinski', 'otilia.kreiger@example.org', '1');
INSERT INTO `users` (`id`, `firstname`, `lastname`, `email`, `phone`) VALUES ('18', 'Fleta', 'Kemmer', 'otho69@example.com', '0');
INSERT INTO `users` (`id`, `firstname`, `lastname`, `email`, `phone`) VALUES ('19', 'Declan', 'Littel', 'hilpert.muhammad@example.com', '666');
INSERT INTO `users` (`id`, `firstname`, `lastname`, `email`, `phone`) VALUES ('20', 'Matilde', 'Halvorson', 'isidro.dickinson@example.com', '6812532919');
INSERT INTO `users` (`id`, `firstname`, `lastname`, `email`, `phone`) VALUES ('21', 'Jennifer', 'Douglas', 'nernser@example.org', '363');
INSERT INTO `users` (`id`, `firstname`, `lastname`, `email`, `phone`) VALUES ('22', 'Annabell', 'Haley', 'domingo.bartoletti@example.org', '370233');
INSERT INTO `users` (`id`, `firstname`, `lastname`, `email`, `phone`) VALUES ('23', 'Tyreek', 'Fritsch', 'janie.bergstrom@example.com', '101');
INSERT INTO `users` (`id`, `firstname`, `lastname`, `email`, `phone`) VALUES ('24', 'Cathy', 'Pacocha', 'giles39@example.org', '0');
INSERT INTO `users` (`id`, `firstname`, `lastname`, `email`, `phone`) VALUES ('25', 'Sylvester', 'Mayer', 'sipes.parker@example.com', '643');
INSERT INTO `users` (`id`, `firstname`, `lastname`, `email`, `phone`) VALUES ('26', 'Mariano', 'Smitham', 'iwalter@example.com', '0');
INSERT INTO `users` (`id`, `firstname`, `lastname`, `email`, `phone`) VALUES ('27', 'Roberta', 'Mayer', 'dereck50@example.net', '170');
INSERT INTO `users` (`id`, `firstname`, `lastname`, `email`, `phone`) VALUES ('28', 'Jamison', 'Jones', 'emmalee.schmidt@example.org', '906');
INSERT INTO `users` (`id`, `firstname`, `lastname`, `email`, `phone`) VALUES ('29', 'Marcellus', 'Rolfson', 'clint.moore@example.net', '295');
INSERT INTO `users` (`id`, `firstname`, `lastname`, `email`, `phone`) VALUES ('30', 'Dusty', 'Mertz', 'mccullough.kelli@example.org', '0');
INSERT INTO `users` (`id`, `firstname`, `lastname`, `email`, `phone`) VALUES ('31', 'Sarina', 'Cummings', 'okey.sawayn@example.org', '1');
INSERT INTO `users` (`id`, `firstname`, `lastname`, `email`, `phone`) VALUES ('32', 'Isobel', 'Ritchie', 'vreinger@example.net', '1');
INSERT INTO `users` (`id`, `firstname`, `lastname`, `email`, `phone`) VALUES ('33', 'Dixie', 'Reinger', 'raleigh.becker@example.net', '315');
INSERT INTO `users` (`id`, `firstname`, `lastname`, `email`, `phone`) VALUES ('34', 'Sarina', 'Witting', 'garnet.pacocha@example.net', '1');
INSERT INTO `users` (`id`, `firstname`, `lastname`, `email`, `phone`) VALUES ('35', 'Dawson', 'Price', 'konopelski.hermina@example.net', '1');
INSERT INTO `users` (`id`, `firstname`, `lastname`, `email`, `phone`) VALUES ('36', 'Jesus', 'Gorczany', 'wcorkery@example.com', '1');
INSERT INTO `users` (`id`, `firstname`, `lastname`, `email`, `phone`) VALUES ('37', 'Jerald', 'Hammes', 'mcollins@example.org', '0');
INSERT INTO `users` (`id`, `firstname`, `lastname`, `email`, `phone`) VALUES ('38', 'Jaden', 'Shields', 'chance84@example.com', '0');
INSERT INTO `users` (`id`, `firstname`, `lastname`, `email`, `phone`) VALUES ('39', 'Marianne', 'Gutmann', 'kunde.virgil@example.com', '1');
INSERT INTO `users` (`id`, `firstname`, `lastname`, `email`, `phone`) VALUES ('40', 'Aleen', 'Weber', 'bmante@example.com', '0');
INSERT INTO `users` (`id`, `firstname`, `lastname`, `email`, `phone`) VALUES ('41', 'Kiera', 'Kassulke', 'schmitt.chance@example.org', '1');
INSERT INTO `users` (`id`, `firstname`, `lastname`, `email`, `phone`) VALUES ('42', 'Aisha', 'Mann', 'kkreiger@example.com', '1006682142');
INSERT INTO `users` (`id`, `firstname`, `lastname`, `email`, `phone`) VALUES ('43', 'Verlie', 'Batz', 'ckub@example.org', '217');
INSERT INTO `users` (`id`, `firstname`, `lastname`, `email`, `phone`) VALUES ('44', 'Izaiah', 'Goyette', 'huels.sallie@example.com', '0');
INSERT INTO `users` (`id`, `firstname`, `lastname`, `email`, `phone`) VALUES ('45', 'Drake', 'Collins', 'jerry.murray@example.com', '968');
INSERT INTO `users` (`id`, `firstname`, `lastname`, `email`, `phone`) VALUES ('46', 'Mason', 'Purdy', 'mcclure.charlie@example.org', '57');
INSERT INTO `users` (`id`, `firstname`, `lastname`, `email`, `phone`) VALUES ('47', 'Trystan', 'O\'Connell', 'hkris@example.com', '32');
INSERT INTO `users` (`id`, `firstname`, `lastname`, `email`, `phone`) VALUES ('48', 'Tracey', 'Schmeler', 'fquitzon@example.com', '34902');
INSERT INTO `users` (`id`, `firstname`, `lastname`, `email`, `phone`) VALUES ('49', 'Rex', 'Monahan', 'adaline53@example.org', '0');
INSERT INTO `users` (`id`, `firstname`, `lastname`, `email`, `phone`) VALUES ('50', 'Jeanie', 'Hammes', 'ashleigh.larkin@example.org', '184');
INSERT INTO `users` (`id`, `firstname`, `lastname`, `email`, `phone`) VALUES ('51', 'Manuel', 'Walter', 'mona26@example.org', '221104');
INSERT INTO `users` (`id`, `firstname`, `lastname`, `email`, `phone`) VALUES ('52', 'Kenneth', 'Deckow', 'caden.mraz@example.com', '0');
INSERT INTO `users` (`id`, `firstname`, `lastname`, `email`, `phone`) VALUES ('53', 'Joy', 'Klein', 'cydney99@example.net', '450446');
INSERT INTO `users` (`id`, `firstname`, `lastname`, `email`, `phone`) VALUES ('54', 'Emery', 'Deckow', 'drew87@example.org', '1');
INSERT INTO `users` (`id`, `firstname`, `lastname`, `email`, `phone`) VALUES ('55', 'Dasia', 'Cremin', 'wilfredo24@example.com', '1');
INSERT INTO `users` (`id`, `firstname`, `lastname`, `email`, `phone`) VALUES ('56', 'Gunner', 'Hansen', 'zbergstrom@example.org', '1');
INSERT INTO `users` (`id`, `firstname`, `lastname`, `email`, `phone`) VALUES ('57', 'Alfonzo', 'Ritchie', 'ivory.bergstrom@example.net', '0');
INSERT INTO `users` (`id`, `firstname`, `lastname`, `email`, `phone`) VALUES ('58', 'Efrain', 'DuBuque', 'ubernhard@example.com', '0');
INSERT INTO `users` (`id`, `firstname`, `lastname`, `email`, `phone`) VALUES ('59', 'Zoey', 'Hagenes', 'schiller.toy@example.org', '26');
INSERT INTO `users` (`id`, `firstname`, `lastname`, `email`, `phone`) VALUES ('60', 'Rashawn', 'Watsica', 'erunolfsson@example.com', '1');
INSERT INTO `users` (`id`, `firstname`, `lastname`, `email`, `phone`) VALUES ('61', 'Emanuel', 'Gerlach', 'garth.stanton@example.org', '0');
INSERT INTO `users` (`id`, `firstname`, `lastname`, `email`, `phone`) VALUES ('62', 'Mary', 'Kub', 'isadore73@example.net', '1');
INSERT INTO `users` (`id`, `firstname`, `lastname`, `email`, `phone`) VALUES ('63', 'Alyson', 'McGlynn', 'gabriel50@example.com', '815671');
INSERT INTO `users` (`id`, `firstname`, `lastname`, `email`, `phone`) VALUES ('64', 'Ettie', 'Cummings', 'ismael10@example.net', '1');
INSERT INTO `users` (`id`, `firstname`, `lastname`, `email`, `phone`) VALUES ('65', 'Gavin', 'Senger', 'lysanne.cremin@example.org', '856013');
INSERT INTO `users` (`id`, `firstname`, `lastname`, `email`, `phone`) VALUES ('66', 'Tess', 'Doyle', 'gerald.tremblay@example.org', '7');
INSERT INTO `users` (`id`, `firstname`, `lastname`, `email`, `phone`) VALUES ('67', 'Winifred', 'Toy', 'dach.grover@example.com', '161299');
INSERT INTO `users` (`id`, `firstname`, `lastname`, `email`, `phone`) VALUES ('68', 'Nels', 'Hudson', 'morar.liliana@example.net', '227');
INSERT INTO `users` (`id`, `firstname`, `lastname`, `email`, `phone`) VALUES ('69', 'Maria', 'Goyette', 'connelly.carleton@example.com', '64');
INSERT INTO `users` (`id`, `firstname`, `lastname`, `email`, `phone`) VALUES ('70', 'Kathleen', 'Wunsch', 'obogan@example.com', '399326');
INSERT INTO `users` (`id`, `firstname`, `lastname`, `email`, `phone`) VALUES ('71', 'Izaiah', 'Kreiger', 'ofelia.abbott@example.com', '0');
INSERT INTO `users` (`id`, `firstname`, `lastname`, `email`, `phone`) VALUES ('72', 'Cory', 'Monahan', 'margie.howe@example.net', '153398');
INSERT INTO `users` (`id`, `firstname`, `lastname`, `email`, `phone`) VALUES ('73', 'Kelvin', 'Leuschke', 'kyra70@example.net', '0');
INSERT INTO `users` (`id`, `firstname`, `lastname`, `email`, `phone`) VALUES ('74', 'Georgette', 'Gutkowski', 'dina58@example.com', '801');
INSERT INTO `users` (`id`, `firstname`, `lastname`, `email`, `phone`) VALUES ('75', 'Jackie', 'Larkin', 'rodger.schumm@example.com', '308703');
INSERT INTO `users` (`id`, `firstname`, `lastname`, `email`, `phone`) VALUES ('76', 'Vita', 'Langosh', 'turner.gerda@example.com', '883');
INSERT INTO `users` (`id`, `firstname`, `lastname`, `email`, `phone`) VALUES ('77', 'Jed', 'Bergstrom', 'shanahan.murl@example.net', '221');
INSERT INTO `users` (`id`, `firstname`, `lastname`, `email`, `phone`) VALUES ('78', 'Keanu', 'Gerlach', 'sage.vandervort@example.org', '1');
INSERT INTO `users` (`id`, `firstname`, `lastname`, `email`, `phone`) VALUES ('79', 'Rupert', 'Kunde', 'qreynolds@example.com', '2522988003');
INSERT INTO `users` (`id`, `firstname`, `lastname`, `email`, `phone`) VALUES ('80', 'Coleman', 'Douglas', 'schumm.ryley@example.org', '1');
INSERT INTO `users` (`id`, `firstname`, `lastname`, `email`, `phone`) VALUES ('81', 'Jules', 'Bogisich', 'bertram85@example.net', '1');
INSERT INTO `users` (`id`, `firstname`, `lastname`, `email`, `phone`) VALUES ('82', 'Valentina', 'Daugherty', 'o\'conner.emile@example.com', '1196093922');
INSERT INTO `users` (`id`, `firstname`, `lastname`, `email`, `phone`) VALUES ('83', 'Anita', 'Lockman', 'hhauck@example.net', '80');
INSERT INTO `users` (`id`, `firstname`, `lastname`, `email`, `phone`) VALUES ('84', 'Vicente', 'Purdy', 'cyril82@example.com', '1');
INSERT INTO `users` (`id`, `firstname`, `lastname`, `email`, `phone`) VALUES ('85', 'Lelah', 'Kautzer', 'dallas17@example.com', '9');
INSERT INTO `users` (`id`, `firstname`, `lastname`, `email`, `phone`) VALUES ('86', 'Jefferey', 'Murazik', 'gturcotte@example.org', '287372');
INSERT INTO `users` (`id`, `firstname`, `lastname`, `email`, `phone`) VALUES ('87', 'Stephan', 'Rath', 'justyn87@example.org', '608237');
INSERT INTO `users` (`id`, `firstname`, `lastname`, `email`, `phone`) VALUES ('88', 'Marilyne', 'Lakin', 'ihauck@example.net', '0');
INSERT INTO `users` (`id`, `firstname`, `lastname`, `email`, `phone`) VALUES ('89', 'Aubrey', 'Emard', 'xbernier@example.org', '5510736651');
INSERT INTO `users` (`id`, `firstname`, `lastname`, `email`, `phone`) VALUES ('90', 'Leora', 'Hoeger', 'jackeline.hintz@example.net', '3779319829');
INSERT INTO `users` (`id`, `firstname`, `lastname`, `email`, `phone`) VALUES ('91', 'Nyah', 'Bashirian', 'kuphal.michel@example.com', '6863116797');
INSERT INTO `users` (`id`, `firstname`, `lastname`, `email`, `phone`) VALUES ('92', 'Eloisa', 'Kovacek', 'morar.amani@example.net', '601558');
INSERT INTO `users` (`id`, `firstname`, `lastname`, `email`, `phone`) VALUES ('93', 'Valentine', 'Bosco', 'sydney96@example.net', '0');
INSERT INTO `users` (`id`, `firstname`, `lastname`, `email`, `phone`) VALUES ('94', 'Deonte', 'Moore', 'lkessler@example.org', '4668710757');
INSERT INTO `users` (`id`, `firstname`, `lastname`, `email`, `phone`) VALUES ('95', 'Leanne', 'Collins', 'shanahan.esta@example.org', '95144');
INSERT INTO `users` (`id`, `firstname`, `lastname`, `email`, `phone`) VALUES ('96', 'Jeanette', 'Cassin', 'lebsack.crystel@example.org', '490599');
INSERT INTO `users` (`id`, `firstname`, `lastname`, `email`, `phone`) VALUES ('97', 'Ivory', 'Lesch', 'polly.welch@example.org', '104590');
INSERT INTO `users` (`id`, `firstname`, `lastname`, `email`, `phone`) VALUES ('98', 'Magdalen', 'Gerhold', 'emmet51@example.net', '0');
INSERT INTO `users` (`id`, `firstname`, `lastname`, `email`, `phone`) VALUES ('99', 'Oma', 'Quitzon', 'laverne.crist@example.net', '1');
INSERT INTO `users` (`id`, `firstname`, `lastname`, `email`, `phone`) VALUES ('100', 'Giovanni', 'Beatty', 'qzieme@example.com', '0');

DROP TABLE IF EXISTS `profiles`;
CREATE TABLE `profiles` (
	user_id SERIAL PRIMARY KEY,
    gender CHAR(1),
    birthday DATETIME,
	photo_id BIGINT UNSIGNED NULL,
    created_at DATETIME DEFAULT NOW(),
    hometown VARCHAR(100),
    
    FOREIGN KEY (user_id) REFERENCES users(id)
);

INSERT INTO `profiles` (`user_id`, `gender`, `birthday`, `photo_id`, `created_at`, `hometown`) VALUES ('1', NULL, '1979-02-21 02:31:04', '1', '1973-01-04 12:02:26', NULL);
INSERT INTO `profiles` (`user_id`, `gender`, `birthday`, `photo_id`, `created_at`, `hometown`) VALUES ('2', NULL, '1980-10-27 13:09:12', '2', '2017-09-02 01:16:20', NULL);
INSERT INTO `profiles` (`user_id`, `gender`, `birthday`, `photo_id`, `created_at`, `hometown`) VALUES ('3', NULL, '2005-07-02 13:31:39', '3', '1991-10-08 22:30:58', NULL);
INSERT INTO `profiles` (`user_id`, `gender`, `birthday`, `photo_id`, `created_at`, `hometown`) VALUES ('4', NULL, '2004-05-24 20:11:32', '4', '2010-01-13 20:34:32', NULL);
INSERT INTO `profiles` (`user_id`, `gender`, `birthday`, `photo_id`, `created_at`, `hometown`) VALUES ('5', NULL, '1993-08-07 14:16:49', '5', '1990-12-12 23:41:14', NULL);
INSERT INTO `profiles` (`user_id`, `gender`, `birthday`, `photo_id`, `created_at`, `hometown`) VALUES ('6', NULL, '2008-01-20 00:58:23', '6', '1982-09-18 13:26:24', NULL);
INSERT INTO `profiles` (`user_id`, `gender`, `birthday`, `photo_id`, `created_at`, `hometown`) VALUES ('7', NULL, '2008-01-04 19:17:23', '7', '1989-03-01 08:22:10', NULL);
INSERT INTO `profiles` (`user_id`, `gender`, `birthday`, `photo_id`, `created_at`, `hometown`) VALUES ('8', NULL, '1987-08-28 03:21:16', '8', '2007-03-25 03:42:40', NULL);
INSERT INTO `profiles` (`user_id`, `gender`, `birthday`, `photo_id`, `created_at`, `hometown`) VALUES ('9', NULL, '2007-08-15 06:52:11', '9', '1979-04-10 17:22:10', NULL);
INSERT INTO `profiles` (`user_id`, `gender`, `birthday`, `photo_id`, `created_at`, `hometown`) VALUES ('10', NULL, '2010-12-16 23:49:38', '10', '1974-08-12 09:39:22', NULL);
INSERT INTO `profiles` (`user_id`, `gender`, `birthday`, `photo_id`, `created_at`, `hometown`) VALUES ('11', NULL, '1984-09-30 19:46:58', '11', '2011-12-09 12:56:38', NULL);
INSERT INTO `profiles` (`user_id`, `gender`, `birthday`, `photo_id`, `created_at`, `hometown`) VALUES ('12', NULL, '1977-02-09 09:22:43', '12', '1985-04-17 13:13:49', NULL);
INSERT INTO `profiles` (`user_id`, `gender`, `birthday`, `photo_id`, `created_at`, `hometown`) VALUES ('13', NULL, '2008-04-02 16:03:49', '13', '1992-05-02 04:22:31', NULL);
INSERT INTO `profiles` (`user_id`, `gender`, `birthday`, `photo_id`, `created_at`, `hometown`) VALUES ('14', NULL, '1992-01-25 07:12:45', '14', '1972-01-06 15:16:09', NULL);
INSERT INTO `profiles` (`user_id`, `gender`, `birthday`, `photo_id`, `created_at`, `hometown`) VALUES ('15', NULL, '2007-06-17 16:14:26', '15', '1973-05-11 13:44:24', NULL);
INSERT INTO `profiles` (`user_id`, `gender`, `birthday`, `photo_id`, `created_at`, `hometown`) VALUES ('16', NULL, '2002-04-15 14:21:46', '16', '1985-01-13 07:27:06', NULL);
INSERT INTO `profiles` (`user_id`, `gender`, `birthday`, `photo_id`, `created_at`, `hometown`) VALUES ('17', NULL, '1971-09-24 02:00:29', '17', '1997-03-28 08:19:58', NULL);
INSERT INTO `profiles` (`user_id`, `gender`, `birthday`, `photo_id`, `created_at`, `hometown`) VALUES ('18', NULL, '1974-01-29 21:05:49', '18', '2019-11-06 21:52:07', NULL);
INSERT INTO `profiles` (`user_id`, `gender`, `birthday`, `photo_id`, `created_at`, `hometown`) VALUES ('19', NULL, '2018-10-21 09:02:26', '19', '2015-05-27 10:54:41', NULL);
INSERT INTO `profiles` (`user_id`, `gender`, `birthday`, `photo_id`, `created_at`, `hometown`) VALUES ('20', NULL, '2003-04-13 20:25:35', '20', '1990-04-14 08:40:41', NULL);
INSERT INTO `profiles` (`user_id`, `gender`, `birthday`, `photo_id`, `created_at`, `hometown`) VALUES ('21', NULL, '2002-09-09 17:40:52', '21', '2019-03-24 17:29:02', NULL);
INSERT INTO `profiles` (`user_id`, `gender`, `birthday`, `photo_id`, `created_at`, `hometown`) VALUES ('22', NULL, '1984-10-01 10:02:38', '22', '1995-04-27 20:45:33', NULL);
INSERT INTO `profiles` (`user_id`, `gender`, `birthday`, `photo_id`, `created_at`, `hometown`) VALUES ('23', NULL, '2004-11-02 11:18:27', '23', '2007-05-03 18:28:49', NULL);
INSERT INTO `profiles` (`user_id`, `gender`, `birthday`, `photo_id`, `created_at`, `hometown`) VALUES ('24', NULL, '1979-03-04 10:29:23', '24', '1973-05-07 20:05:50', NULL);
INSERT INTO `profiles` (`user_id`, `gender`, `birthday`, `photo_id`, `created_at`, `hometown`) VALUES ('25', NULL, '1972-02-02 19:17:26', '25', '1975-05-04 10:09:04', NULL);
INSERT INTO `profiles` (`user_id`, `gender`, `birthday`, `photo_id`, `created_at`, `hometown`) VALUES ('26', NULL, '1993-06-22 12:20:34', '26', '2005-11-11 11:50:39', NULL);
INSERT INTO `profiles` (`user_id`, `gender`, `birthday`, `photo_id`, `created_at`, `hometown`) VALUES ('27', NULL, '2012-06-12 09:35:36', '27', '2017-11-13 09:31:05', NULL);
INSERT INTO `profiles` (`user_id`, `gender`, `birthday`, `photo_id`, `created_at`, `hometown`) VALUES ('28', NULL, '2016-01-25 05:32:56', '28', '2008-02-12 14:13:40', NULL);
INSERT INTO `profiles` (`user_id`, `gender`, `birthday`, `photo_id`, `created_at`, `hometown`) VALUES ('29', NULL, '1997-09-28 16:29:43', '29', '1984-11-06 09:43:18', NULL);
INSERT INTO `profiles` (`user_id`, `gender`, `birthday`, `photo_id`, `created_at`, `hometown`) VALUES ('30', NULL, '2013-04-09 04:05:53', '30', '2005-12-06 06:16:43', NULL);
INSERT INTO `profiles` (`user_id`, `gender`, `birthday`, `photo_id`, `created_at`, `hometown`) VALUES ('31', NULL, '2006-03-10 05:05:45', '31', '1978-10-16 06:43:15', NULL);
INSERT INTO `profiles` (`user_id`, `gender`, `birthday`, `photo_id`, `created_at`, `hometown`) VALUES ('32', NULL, '1999-02-16 00:40:06', '32', '2010-05-20 18:03:39', NULL);
INSERT INTO `profiles` (`user_id`, `gender`, `birthday`, `photo_id`, `created_at`, `hometown`) VALUES ('33', NULL, '1999-09-27 22:54:49', '33', '1981-10-07 18:01:32', NULL);
INSERT INTO `profiles` (`user_id`, `gender`, `birthday`, `photo_id`, `created_at`, `hometown`) VALUES ('34', NULL, '2020-05-07 20:04:14', '34', '1974-04-27 08:59:21', NULL);
INSERT INTO `profiles` (`user_id`, `gender`, `birthday`, `photo_id`, `created_at`, `hometown`) VALUES ('35', NULL, '1988-06-12 11:44:50', '35', '1987-02-20 18:33:13', NULL);
INSERT INTO `profiles` (`user_id`, `gender`, `birthday`, `photo_id`, `created_at`, `hometown`) VALUES ('36', NULL, '2016-12-20 14:54:04', '36', '1975-02-03 14:52:52', NULL);
INSERT INTO `profiles` (`user_id`, `gender`, `birthday`, `photo_id`, `created_at`, `hometown`) VALUES ('37', NULL, '1973-02-10 07:47:54', '37', '2010-04-15 17:05:02', NULL);
INSERT INTO `profiles` (`user_id`, `gender`, `birthday`, `photo_id`, `created_at`, `hometown`) VALUES ('38', NULL, '1994-01-04 22:58:53', '38', '1982-11-05 14:16:21', NULL);
INSERT INTO `profiles` (`user_id`, `gender`, `birthday`, `photo_id`, `created_at`, `hometown`) VALUES ('39', NULL, '1984-02-29 02:27:17', '39', '2011-05-28 03:31:05', NULL);
INSERT INTO `profiles` (`user_id`, `gender`, `birthday`, `photo_id`, `created_at`, `hometown`) VALUES ('40', NULL, '1990-09-22 14:20:40', '40', '1983-09-22 19:38:07', NULL);
INSERT INTO `profiles` (`user_id`, `gender`, `birthday`, `photo_id`, `created_at`, `hometown`) VALUES ('41', NULL, '1980-05-14 13:36:12', '41', '1999-02-06 03:25:25', NULL);
INSERT INTO `profiles` (`user_id`, `gender`, `birthday`, `photo_id`, `created_at`, `hometown`) VALUES ('42', NULL, '1995-01-24 17:19:01', '42', '2000-11-22 06:39:36', NULL);
INSERT INTO `profiles` (`user_id`, `gender`, `birthday`, `photo_id`, `created_at`, `hometown`) VALUES ('43', NULL, '1986-03-02 19:31:48', '43', '1996-10-04 06:23:21', NULL);
INSERT INTO `profiles` (`user_id`, `gender`, `birthday`, `photo_id`, `created_at`, `hometown`) VALUES ('44', NULL, '1986-03-21 08:24:16', '44', '2002-06-05 20:44:12', NULL);
INSERT INTO `profiles` (`user_id`, `gender`, `birthday`, `photo_id`, `created_at`, `hometown`) VALUES ('45', NULL, '1976-07-02 12:11:34', '45', '2002-06-11 16:56:58', NULL);
INSERT INTO `profiles` (`user_id`, `gender`, `birthday`, `photo_id`, `created_at`, `hometown`) VALUES ('46', NULL, '1979-03-08 19:22:22', '46', '1991-07-12 13:01:48', NULL);
INSERT INTO `profiles` (`user_id`, `gender`, `birthday`, `photo_id`, `created_at`, `hometown`) VALUES ('47', NULL, '2013-11-15 05:38:54', '47', '1986-01-15 20:03:32', NULL);
INSERT INTO `profiles` (`user_id`, `gender`, `birthday`, `photo_id`, `created_at`, `hometown`) VALUES ('48', NULL, '1973-07-07 03:52:31', '48', '1984-06-03 22:57:39', NULL);
INSERT INTO `profiles` (`user_id`, `gender`, `birthday`, `photo_id`, `created_at`, `hometown`) VALUES ('49', NULL, '1983-12-09 02:58:59', '49', '1979-10-31 11:46:33', NULL);
INSERT INTO `profiles` (`user_id`, `gender`, `birthday`, `photo_id`, `created_at`, `hometown`) VALUES ('50', NULL, '2001-12-09 01:46:30', '50', '2007-12-30 23:33:37', NULL);
INSERT INTO `profiles` (`user_id`, `gender`, `birthday`, `photo_id`, `created_at`, `hometown`) VALUES ('51', NULL, '2001-02-10 04:22:25', '51', '1986-11-04 15:04:40', NULL);
INSERT INTO `profiles` (`user_id`, `gender`, `birthday`, `photo_id`, `created_at`, `hometown`) VALUES ('52', NULL, '1973-01-22 04:35:46', '52', '2016-05-23 17:23:37', NULL);
INSERT INTO `profiles` (`user_id`, `gender`, `birthday`, `photo_id`, `created_at`, `hometown`) VALUES ('53', NULL, '2006-02-27 10:07:33', '53', '2019-08-20 09:26:41', NULL);
INSERT INTO `profiles` (`user_id`, `gender`, `birthday`, `photo_id`, `created_at`, `hometown`) VALUES ('54', NULL, '2012-03-28 12:02:20', '54', '1997-09-06 13:10:21', NULL);
INSERT INTO `profiles` (`user_id`, `gender`, `birthday`, `photo_id`, `created_at`, `hometown`) VALUES ('55', NULL, '1975-01-20 10:21:05', '55', '1973-12-22 23:23:50', NULL);
INSERT INTO `profiles` (`user_id`, `gender`, `birthday`, `photo_id`, `created_at`, `hometown`) VALUES ('56', NULL, '1991-07-29 06:30:20', '56', '1980-08-19 16:04:07', NULL);
INSERT INTO `profiles` (`user_id`, `gender`, `birthday`, `photo_id`, `created_at`, `hometown`) VALUES ('57', NULL, '2000-07-06 04:59:22', '57', '2018-03-18 07:01:11', NULL);
INSERT INTO `profiles` (`user_id`, `gender`, `birthday`, `photo_id`, `created_at`, `hometown`) VALUES ('58', NULL, '2019-04-05 16:40:42', '58', '2010-04-22 18:05:30', NULL);
INSERT INTO `profiles` (`user_id`, `gender`, `birthday`, `photo_id`, `created_at`, `hometown`) VALUES ('59', NULL, '1988-06-21 21:56:54', '59', '1972-02-28 08:57:39', NULL);
INSERT INTO `profiles` (`user_id`, `gender`, `birthday`, `photo_id`, `created_at`, `hometown`) VALUES ('60', NULL, '1976-02-04 10:42:52', '60', '1977-11-11 10:58:55', NULL);
INSERT INTO `profiles` (`user_id`, `gender`, `birthday`, `photo_id`, `created_at`, `hometown`) VALUES ('61', NULL, '1991-06-23 04:17:20', '61', '1982-09-24 04:26:44', NULL);
INSERT INTO `profiles` (`user_id`, `gender`, `birthday`, `photo_id`, `created_at`, `hometown`) VALUES ('62', NULL, '2008-05-29 05:07:53', '62', '1985-09-03 23:06:43', NULL);
INSERT INTO `profiles` (`user_id`, `gender`, `birthday`, `photo_id`, `created_at`, `hometown`) VALUES ('63', NULL, '1992-05-19 18:53:37', '63', '1983-11-13 14:30:18', NULL);
INSERT INTO `profiles` (`user_id`, `gender`, `birthday`, `photo_id`, `created_at`, `hometown`) VALUES ('64', NULL, '1986-03-15 05:09:18', '64', '1992-10-19 11:52:42', NULL);
INSERT INTO `profiles` (`user_id`, `gender`, `birthday`, `photo_id`, `created_at`, `hometown`) VALUES ('65', NULL, '2004-03-29 21:02:02', '65', '1976-03-13 13:15:25', NULL);
INSERT INTO `profiles` (`user_id`, `gender`, `birthday`, `photo_id`, `created_at`, `hometown`) VALUES ('66', NULL, '1977-03-29 19:24:09', '66', '1983-03-13 10:00:35', NULL);
INSERT INTO `profiles` (`user_id`, `gender`, `birthday`, `photo_id`, `created_at`, `hometown`) VALUES ('67', NULL, '2005-11-07 00:50:31', '67', '2018-06-03 01:30:27', NULL);
INSERT INTO `profiles` (`user_id`, `gender`, `birthday`, `photo_id`, `created_at`, `hometown`) VALUES ('68', NULL, '1999-03-30 04:21:43', '68', '2006-08-20 21:23:30', NULL);
INSERT INTO `profiles` (`user_id`, `gender`, `birthday`, `photo_id`, `created_at`, `hometown`) VALUES ('69', NULL, '2012-12-25 23:10:14', '69', '1982-12-19 23:03:41', NULL);
INSERT INTO `profiles` (`user_id`, `gender`, `birthday`, `photo_id`, `created_at`, `hometown`) VALUES ('70', NULL, '1976-04-02 10:43:00', '70', '1978-02-25 14:28:27', NULL);
INSERT INTO `profiles` (`user_id`, `gender`, `birthday`, `photo_id`, `created_at`, `hometown`) VALUES ('71', NULL, '1974-03-25 02:18:25', '71', '2006-09-24 01:21:00', NULL);
INSERT INTO `profiles` (`user_id`, `gender`, `birthday`, `photo_id`, `created_at`, `hometown`) VALUES ('72', NULL, '1998-05-01 01:03:05', '72', '2015-03-29 05:09:33', NULL);
INSERT INTO `profiles` (`user_id`, `gender`, `birthday`, `photo_id`, `created_at`, `hometown`) VALUES ('73', NULL, '2005-03-16 21:09:57', '73', '1997-09-04 10:14:22', NULL);
INSERT INTO `profiles` (`user_id`, `gender`, `birthday`, `photo_id`, `created_at`, `hometown`) VALUES ('74', NULL, '1992-01-29 19:02:31', '74', '2005-08-22 14:51:57', NULL);
INSERT INTO `profiles` (`user_id`, `gender`, `birthday`, `photo_id`, `created_at`, `hometown`) VALUES ('75', NULL, '1995-07-10 16:15:04', '75', '1999-07-01 05:29:15', NULL);
INSERT INTO `profiles` (`user_id`, `gender`, `birthday`, `photo_id`, `created_at`, `hometown`) VALUES ('76', NULL, '1984-07-04 09:42:23', '76', '1994-04-19 06:24:45', NULL);
INSERT INTO `profiles` (`user_id`, `gender`, `birthday`, `photo_id`, `created_at`, `hometown`) VALUES ('77', NULL, '1977-12-09 22:43:24', '77', '2003-06-26 14:43:33', NULL);
INSERT INTO `profiles` (`user_id`, `gender`, `birthday`, `photo_id`, `created_at`, `hometown`) VALUES ('78', NULL, '1999-11-12 18:35:37', '78', '1981-01-09 18:50:39', NULL);
INSERT INTO `profiles` (`user_id`, `gender`, `birthday`, `photo_id`, `created_at`, `hometown`) VALUES ('79', NULL, '2009-09-25 11:13:37', '79', '1996-06-24 02:22:31', NULL);
INSERT INTO `profiles` (`user_id`, `gender`, `birthday`, `photo_id`, `created_at`, `hometown`) VALUES ('80', NULL, '2000-07-02 22:45:25', '80', '2019-07-21 07:47:19', NULL);
INSERT INTO `profiles` (`user_id`, `gender`, `birthday`, `photo_id`, `created_at`, `hometown`) VALUES ('81', NULL, '2014-06-29 10:14:38', '81', '1982-06-08 00:07:50', NULL);
INSERT INTO `profiles` (`user_id`, `gender`, `birthday`, `photo_id`, `created_at`, `hometown`) VALUES ('82', NULL, '1973-01-27 01:14:44', '82', '1975-09-17 23:58:13', NULL);
INSERT INTO `profiles` (`user_id`, `gender`, `birthday`, `photo_id`, `created_at`, `hometown`) VALUES ('83', NULL, '1999-02-04 19:57:03', '83', '1995-11-14 04:46:10', NULL);
INSERT INTO `profiles` (`user_id`, `gender`, `birthday`, `photo_id`, `created_at`, `hometown`) VALUES ('84', NULL, '1972-06-07 17:47:54', '84', '2012-12-06 08:59:44', NULL);
INSERT INTO `profiles` (`user_id`, `gender`, `birthday`, `photo_id`, `created_at`, `hometown`) VALUES ('85', NULL, '1971-03-18 15:25:08', '85', '1994-11-17 20:48:34', NULL);
INSERT INTO `profiles` (`user_id`, `gender`, `birthday`, `photo_id`, `created_at`, `hometown`) VALUES ('86', NULL, '2015-02-15 16:44:26', '86', '1992-04-06 05:47:31', NULL);
INSERT INTO `profiles` (`user_id`, `gender`, `birthday`, `photo_id`, `created_at`, `hometown`) VALUES ('87', NULL, '2017-12-05 03:38:08', '87', '1988-04-11 14:50:14', NULL);
INSERT INTO `profiles` (`user_id`, `gender`, `birthday`, `photo_id`, `created_at`, `hometown`) VALUES ('88', NULL, '2019-04-10 03:37:01', '88', '1988-05-31 22:20:38', NULL);
INSERT INTO `profiles` (`user_id`, `gender`, `birthday`, `photo_id`, `created_at`, `hometown`) VALUES ('89', NULL, '2010-04-20 20:51:49', '89', '2015-12-19 14:30:42', NULL);
INSERT INTO `profiles` (`user_id`, `gender`, `birthday`, `photo_id`, `created_at`, `hometown`) VALUES ('90', NULL, '2019-08-16 02:54:39', '90', '2013-03-28 22:35:05', NULL);
INSERT INTO `profiles` (`user_id`, `gender`, `birthday`, `photo_id`, `created_at`, `hometown`) VALUES ('91', NULL, '1979-06-13 02:09:52', '91', '2010-06-15 21:07:46', NULL);
INSERT INTO `profiles` (`user_id`, `gender`, `birthday`, `photo_id`, `created_at`, `hometown`) VALUES ('92', NULL, '2019-09-22 01:08:23', '92', '1985-05-02 01:27:15', NULL);
INSERT INTO `profiles` (`user_id`, `gender`, `birthday`, `photo_id`, `created_at`, `hometown`) VALUES ('93', NULL, '2014-10-01 03:44:57', '93', '1976-08-22 05:58:08', NULL);
INSERT INTO `profiles` (`user_id`, `gender`, `birthday`, `photo_id`, `created_at`, `hometown`) VALUES ('94', NULL, '1978-08-28 16:34:18', '94', '2001-10-11 05:39:25', NULL);
INSERT INTO `profiles` (`user_id`, `gender`, `birthday`, `photo_id`, `created_at`, `hometown`) VALUES ('95', NULL, '1979-05-24 13:36:51', '95', '1991-04-15 05:23:26', NULL);
INSERT INTO `profiles` (`user_id`, `gender`, `birthday`, `photo_id`, `created_at`, `hometown`) VALUES ('96', NULL, '1983-11-20 20:13:59', '96', '2019-10-23 01:19:57', NULL);
INSERT INTO `profiles` (`user_id`, `gender`, `birthday`, `photo_id`, `created_at`, `hometown`) VALUES ('97', NULL, '2011-10-04 21:58:50', '97', '2011-10-09 15:18:43', NULL);
INSERT INTO `profiles` (`user_id`, `gender`, `birthday`, `photo_id`, `created_at`, `hometown`) VALUES ('98', NULL, '2003-04-13 00:30:41', '98', '2020-01-31 11:48:49', NULL);
INSERT INTO `profiles` (`user_id`, `gender`, `birthday`, `photo_id`, `created_at`, `hometown`) VALUES ('99', NULL, '1992-11-20 03:46:58', '99', '1980-07-26 02:53:21', NULL);
INSERT INTO `profiles` (`user_id`, `gender`, `birthday`, `photo_id`, `created_at`, `hometown`) VALUES ('100', NULL, '1976-07-12 06:44:39', '100', '1978-11-23 21:30:42', NULL);

DROP TABLE IF EXISTS messages;
CREATE TABLE messages (
	id SERIAL PRIMARY KEY,
	from_user_id BIGINT UNSIGNED NOT NULL,
    to_user_id BIGINT UNSIGNED NOT NULL,
    body TEXT,
    created_at DATETIME DEFAULT NOW(), 
    INDEX messages_from_user_id (from_user_id),
    INDEX messages_to_user_id (to_user_id),
    FOREIGN KEY (from_user_id) REFERENCES users(id),
    FOREIGN KEY (to_user_id) REFERENCES users(id)
);

INSERT INTO `messages` (`id`, `from_user_id`, `to_user_id`, `body`, `created_at`) VALUES ('1', '1', '1', 'Aliquid ut facere minus magni voluptate. Quae accusantium ea cupiditate quis tenetur provident. Hic fugit molestiae omnis et enim ut. Modi adipisci iste aspernatur dolorem ad.', '2018-04-29 20:35:09');
INSERT INTO `messages` (`id`, `from_user_id`, `to_user_id`, `body`, `created_at`) VALUES ('2', '2', '2', 'Ea inventore debitis temporibus omnis et. Corrupti commodi nihil autem rerum et autem rem. Omnis enim magni sed distinctio. Ratione pariatur atque ut mollitia eius.', '2003-03-12 14:42:47');
INSERT INTO `messages` (`id`, `from_user_id`, `to_user_id`, `body`, `created_at`) VALUES ('3', '3', '3', 'Et deserunt qui necessitatibus harum. Sunt eaque eligendi magni labore ea iste quibusdam sequi. Sequi et architecto odit dicta. Ut tempore facere vero nisi et.', '1982-03-28 19:12:01');
INSERT INTO `messages` (`id`, `from_user_id`, `to_user_id`, `body`, `created_at`) VALUES ('4', '4', '4', 'Voluptatibus non ut velit provident dolores voluptatibus sit repellat. Iusto in eum amet ullam libero earum expedita. Ullam cumque omnis quas repellat adipisci. Rerum aut quis est sit molestiae sint.', '2001-09-12 05:52:40');
INSERT INTO `messages` (`id`, `from_user_id`, `to_user_id`, `body`, `created_at`) VALUES ('5', '5', '5', 'Qui odit debitis recusandae neque. Atque molestiae non nisi quaerat vitae ipsam. Unde est perspiciatis cupiditate atque unde dolore rerum. Inventore amet neque natus voluptas quos.', '2005-11-04 08:56:16');
INSERT INTO `messages` (`id`, `from_user_id`, `to_user_id`, `body`, `created_at`) VALUES ('6', '6', '6', 'Ullam nostrum quam distinctio. Tempore officiis qui reiciendis est soluta. Fugiat quo et at nisi quaerat. Dolores possimus expedita aut hic exercitationem ratione.', '2003-07-25 20:11:56');
INSERT INTO `messages` (`id`, `from_user_id`, `to_user_id`, `body`, `created_at`) VALUES ('7', '7', '7', 'Accusantium fuga accusantium pariatur id et. Repellendus aut iusto optio quo molestias. Ad quis unde exercitationem quos enim.', '1972-10-30 01:32:02');
INSERT INTO `messages` (`id`, `from_user_id`, `to_user_id`, `body`, `created_at`) VALUES ('8', '8', '8', 'Laboriosam provident modi consequatur adipisci molestias. Voluptas molestiae nam velit omnis tenetur. Veniam repellendus et velit fuga. Repellat ab facilis minima accusantium aut voluptatem voluptatem. Quos ex eaque ut.', '1999-05-16 10:34:50');
INSERT INTO `messages` (`id`, `from_user_id`, `to_user_id`, `body`, `created_at`) VALUES ('9', '9', '9', 'Quia modi nostrum pariatur. Asperiores unde incidunt earum est.', '1978-05-19 21:11:04');
INSERT INTO `messages` (`id`, `from_user_id`, `to_user_id`, `body`, `created_at`) VALUES ('10', '10', '10', 'Veritatis corrupti fuga ab quia. Voluptatem minima omnis inventore perferendis dolor. Tempora ex nihil dolore unde excepturi ab. Iste qui reprehenderit omnis cupiditate. Quod voluptas veniam exercitationem doloremque.', '1984-08-01 23:04:02');
INSERT INTO `messages` (`id`, `from_user_id`, `to_user_id`, `body`, `created_at`) VALUES ('11', '11', '11', 'Et ut dolor sed. Qui eos accusamus et fugiat consectetur nisi dolores. Aut accusamus voluptatum quaerat voluptatibus in. Est eligendi tempore ut. Repellat enim harum omnis dolorem.', '1983-01-24 17:23:23');
INSERT INTO `messages` (`id`, `from_user_id`, `to_user_id`, `body`, `created_at`) VALUES ('12', '12', '12', 'Id ut voluptatem asperiores itaque. Qui possimus neque sapiente adipisci accusamus. Repudiandae qui et sit sunt minima laboriosam dolor quaerat.', '2020-02-10 16:14:08');
INSERT INTO `messages` (`id`, `from_user_id`, `to_user_id`, `body`, `created_at`) VALUES ('13', '13', '13', 'Aliquid rem in aperiam. Consequatur laudantium officiis nihil natus. Voluptate mollitia animi est nobis est harum dolorem.', '2000-06-02 19:32:19');
INSERT INTO `messages` (`id`, `from_user_id`, `to_user_id`, `body`, `created_at`) VALUES ('14', '14', '14', 'Et laudantium omnis porro magni. Ea ut doloribus laudantium blanditiis et. Cumque aut suscipit sunt. Impedit sed distinctio fugit est voluptatem nesciunt ut. Perferendis aliquid totam cumque voluptatum quis.', '1982-05-31 20:29:20');
INSERT INTO `messages` (`id`, `from_user_id`, `to_user_id`, `body`, `created_at`) VALUES ('15', '15', '15', 'Quos ducimus laudantium natus rerum libero numquam aliquid rem. Modi veniam at unde quae laudantium sit eligendi. Tempore dolor nihil molestiae animi. Qui magni assumenda et velit asperiores facilis. Earum aut corrupti sint illo sed.', '1984-09-28 23:13:06');
INSERT INTO `messages` (`id`, `from_user_id`, `to_user_id`, `body`, `created_at`) VALUES ('16', '16', '16', 'Accusamus aut id libero deleniti quidem iure molestias. Vitae rem quidem quasi ipsa dolor praesentium cum. Asperiores velit magni doloremque dicta. Mollitia fugiat officia natus ipsam ut veritatis.', '1993-10-21 19:39:07');
INSERT INTO `messages` (`id`, `from_user_id`, `to_user_id`, `body`, `created_at`) VALUES ('17', '17', '17', 'Aspernatur facilis ut aut quis necessitatibus sed. Doloribus eum id magni voluptatem et recusandae deleniti. Delectus minima aperiam pariatur.', '2002-10-06 14:40:03');
INSERT INTO `messages` (`id`, `from_user_id`, `to_user_id`, `body`, `created_at`) VALUES ('18', '18', '18', 'Molestiae mollitia laboriosam placeat voluptatibus. Sed aut voluptas sed dolorem. Asperiores dolorem ab iure fugit aliquam et natus et.', '1991-07-21 10:37:07');
INSERT INTO `messages` (`id`, `from_user_id`, `to_user_id`, `body`, `created_at`) VALUES ('19', '19', '19', 'Distinctio molestiae omnis repellat officiis velit aliquid unde. Cumque illo impedit omnis nihil rerum. Ducimus quibusdam laborum dicta eos.', '1995-07-18 19:12:55');
INSERT INTO `messages` (`id`, `from_user_id`, `to_user_id`, `body`, `created_at`) VALUES ('20', '20', '20', 'Aperiam soluta suscipit distinctio est voluptatum aut cupiditate. Dolore sit excepturi similique deleniti dicta.', '1984-05-10 04:29:22');
INSERT INTO `messages` (`id`, `from_user_id`, `to_user_id`, `body`, `created_at`) VALUES ('21', '21', '21', 'Ipsam velit corrupti laborum fugiat sapiente error non. Quod dolores in molestiae doloremque. Et minus culpa quibusdam corporis enim nemo. Nisi est fuga est quisquam sit totam molestias.', '1987-10-07 21:36:07');
INSERT INTO `messages` (`id`, `from_user_id`, `to_user_id`, `body`, `created_at`) VALUES ('22', '22', '22', 'Libero voluptatem debitis qui eos voluptatem. Eum quidem illo et eaque quaerat eligendi omnis. Omnis deleniti sint voluptatem accusamus quos recusandae.', '1996-03-22 06:02:44');
INSERT INTO `messages` (`id`, `from_user_id`, `to_user_id`, `body`, `created_at`) VALUES ('23', '23', '23', 'Dolor consectetur eos tenetur qui. Dolorum ut et distinctio ut. Minima quod ducimus minus quis et sed provident facere.', '2000-10-01 15:06:15');
INSERT INTO `messages` (`id`, `from_user_id`, `to_user_id`, `body`, `created_at`) VALUES ('24', '24', '24', 'Laudantium commodi esse possimus aliquam. Non distinctio ea ducimus accusantium ab nisi et. Commodi aut officia a doloribus. Ut perspiciatis similique officiis blanditiis qui et et.', '1980-03-13 19:30:34');
INSERT INTO `messages` (`id`, `from_user_id`, `to_user_id`, `body`, `created_at`) VALUES ('25', '25', '25', 'Impedit sed minima expedita fugiat placeat voluptate facilis. Recusandae ut accusantium culpa tempora. Asperiores neque animi molestiae qui deleniti facere.', '1991-08-08 16:54:34');
INSERT INTO `messages` (`id`, `from_user_id`, `to_user_id`, `body`, `created_at`) VALUES ('26', '26', '26', 'Ut cum dicta laboriosam quos corrupti. Nulla fuga neque porro ut velit. Ut est omnis vel iste et facilis. Eos veniam voluptas cumque unde ut harum nostrum in.', '2005-01-30 23:10:07');
INSERT INTO `messages` (`id`, `from_user_id`, `to_user_id`, `body`, `created_at`) VALUES ('27', '27', '27', 'Est fugit aut occaecati architecto tempora et voluptas libero. Rem dolorum qui est. Aut aut iure iste dolore accusamus.', '1985-03-05 14:34:39');
INSERT INTO `messages` (`id`, `from_user_id`, `to_user_id`, `body`, `created_at`) VALUES ('28', '28', '28', 'Ullam dolor exercitationem et dolorem. Repellat harum ex possimus. Asperiores delectus sit quaerat repudiandae.', '2011-10-06 07:51:45');
INSERT INTO `messages` (`id`, `from_user_id`, `to_user_id`, `body`, `created_at`) VALUES ('29', '29', '29', 'Non alias at harum et ut. Nostrum tempora sint ducimus et quaerat necessitatibus. Amet voluptatem itaque quam magnam recusandae sed. Aut animi aliquam corrupti omnis tenetur sed. Fugit sed et rerum consequatur consectetur ut incidunt.', '1997-09-15 22:32:50');
INSERT INTO `messages` (`id`, `from_user_id`, `to_user_id`, `body`, `created_at`) VALUES ('30', '30', '30', 'Mollitia nulla corporis aut repellat nobis fugit. Expedita distinctio perspiciatis amet et. Repudiandae et excepturi quidem. Aut voluptas est dolor aliquid molestiae pariatur quidem assumenda.', '2016-02-25 10:18:22');
INSERT INTO `messages` (`id`, `from_user_id`, `to_user_id`, `body`, `created_at`) VALUES ('31', '31', '31', 'Excepturi aliquid tenetur et sit voluptatibus magni. Ut vitae velit enim est quis sed.', '1999-11-29 02:22:52');
INSERT INTO `messages` (`id`, `from_user_id`, `to_user_id`, `body`, `created_at`) VALUES ('32', '32', '32', 'Et labore consequatur ad enim. Dolor doloremque itaque voluptate consequuntur vel est corrupti. Doloremque pariatur qui et numquam.', '2006-06-17 12:26:57');
INSERT INTO `messages` (`id`, `from_user_id`, `to_user_id`, `body`, `created_at`) VALUES ('33', '33', '33', 'Vero cupiditate dignissimos dolor illum at. Quia velit fugit est quia corporis dignissimos in. Voluptatum odio enim et.', '1981-05-26 04:09:54');
INSERT INTO `messages` (`id`, `from_user_id`, `to_user_id`, `body`, `created_at`) VALUES ('34', '34', '34', 'Quibusdam consequatur consequatur nihil ut iure. Iure molestiae facere cumque nesciunt libero. Veniam velit sapiente est magni.', '1975-01-05 08:00:22');
INSERT INTO `messages` (`id`, `from_user_id`, `to_user_id`, `body`, `created_at`) VALUES ('35', '35', '35', 'Unde quaerat dignissimos cum sunt sit culpa blanditiis. Iste consequatur adipisci minima ipsam fugit non quas minima. Ducimus voluptatem nulla excepturi quia.', '1977-06-24 03:47:12');
INSERT INTO `messages` (`id`, `from_user_id`, `to_user_id`, `body`, `created_at`) VALUES ('36', '36', '36', 'Maxime amet non dolores sunt velit. Neque tempora consequuntur quam expedita illo hic. Inventore incidunt nesciunt porro dolorum officia perspiciatis excepturi. Corporis eos ullam deserunt. Assumenda consectetur amet voluptate itaque.', '2017-11-05 13:37:26');
INSERT INTO `messages` (`id`, `from_user_id`, `to_user_id`, `body`, `created_at`) VALUES ('37', '37', '37', 'Labore quis suscipit autem nulla aut. Necessitatibus vel repudiandae exercitationem. Natus omnis eos id tenetur.', '1983-06-04 04:09:36');
INSERT INTO `messages` (`id`, `from_user_id`, `to_user_id`, `body`, `created_at`) VALUES ('38', '38', '38', 'Earum iure assumenda doloremque minima voluptatem omnis voluptas. Ut eos quis iusto possimus.', '2015-03-05 03:40:29');
INSERT INTO `messages` (`id`, `from_user_id`, `to_user_id`, `body`, `created_at`) VALUES ('39', '39', '39', 'Quas impedit voluptatem labore suscipit dolore nihil officia. Non nostrum consequuntur aut omnis non dolor voluptatibus. Qui et corporis quidem sunt assumenda vitae. Blanditiis optio distinctio consectetur quidem eligendi et.', '1998-01-04 19:03:27');
INSERT INTO `messages` (`id`, `from_user_id`, `to_user_id`, `body`, `created_at`) VALUES ('40', '40', '40', 'Dolore cumque temporibus corrupti deserunt quod. Aut exercitationem est nulla modi amet. Temporibus quia minima quos animi fugiat animi ipsa. Tempore tenetur voluptatem fugiat expedita sit architecto aut.', '1976-03-18 11:12:41');
INSERT INTO `messages` (`id`, `from_user_id`, `to_user_id`, `body`, `created_at`) VALUES ('41', '41', '41', 'Excepturi a ullam modi exercitationem dolores iste doloribus. Praesentium et voluptatem quo sed et beatae quos quasi. Consequuntur accusamus iusto perferendis eos quia.', '1977-02-07 15:27:40');
INSERT INTO `messages` (`id`, `from_user_id`, `to_user_id`, `body`, `created_at`) VALUES ('42', '42', '42', 'Asperiores aspernatur quam ipsa aut quisquam eum. Vel sint dolor ab. Et doloribus est qui possimus. Suscipit consequatur labore dignissimos et saepe consequuntur.', '1975-06-17 06:37:30');
INSERT INTO `messages` (`id`, `from_user_id`, `to_user_id`, `body`, `created_at`) VALUES ('43', '43', '43', 'Voluptas et sequi aut nostrum. Deserunt ea voluptatibus reiciendis. Illo neque corporis at cupiditate amet voluptas.', '1991-01-26 22:16:13');
INSERT INTO `messages` (`id`, `from_user_id`, `to_user_id`, `body`, `created_at`) VALUES ('44', '44', '44', 'Voluptas enim nesciunt perferendis quia dolorum incidunt est iste. Laudantium repellat perferendis sed non suscipit inventore quos. Eos tenetur deserunt illo commodi. Aliquam voluptatem minima sed non.', '1987-04-30 00:06:20');
INSERT INTO `messages` (`id`, `from_user_id`, `to_user_id`, `body`, `created_at`) VALUES ('45', '45', '45', 'Inventore recusandae et at aut et eaque sit necessitatibus. Ratione et explicabo eveniet officia neque alias. Ullam eius sed explicabo aliquam.', '1971-12-15 22:30:06');
INSERT INTO `messages` (`id`, `from_user_id`, `to_user_id`, `body`, `created_at`) VALUES ('46', '46', '46', 'Aspernatur veniam asperiores soluta recusandae perspiciatis. Vel enim qui porro ratione. Asperiores ut qui deserunt et vel ut voluptate. Provident dolor officiis eum et saepe nisi.', '2005-09-10 20:29:12');
INSERT INTO `messages` (`id`, `from_user_id`, `to_user_id`, `body`, `created_at`) VALUES ('47', '47', '47', 'Similique et dolorem voluptatem non. Tempore veniam libero et porro sint. Est quod veniam nemo velit omnis delectus dicta et.', '2003-06-28 20:20:47');
INSERT INTO `messages` (`id`, `from_user_id`, `to_user_id`, `body`, `created_at`) VALUES ('48', '48', '48', 'Consectetur vero saepe nihil accusantium nemo. Accusamus sunt ea earum occaecati consequatur.', '1978-02-22 05:03:53');
INSERT INTO `messages` (`id`, `from_user_id`, `to_user_id`, `body`, `created_at`) VALUES ('49', '49', '49', 'Illo molestias doloribus aliquam et qui assumenda. Modi odio aut ab et qui dolore. Est natus nisi officia eos architecto ducimus quo. Hic rem laudantium pariatur est quos libero enim est.', '1976-01-11 08:37:58');
INSERT INTO `messages` (`id`, `from_user_id`, `to_user_id`, `body`, `created_at`) VALUES ('50', '50', '50', 'Qui et esse non veniam laboriosam incidunt aliquid. Dignissimos est doloremque molestias voluptas ullam. Animi ipsam in asperiores. Expedita aspernatur explicabo dolor debitis sed omnis accusantium.', '1997-02-09 00:19:09');
INSERT INTO `messages` (`id`, `from_user_id`, `to_user_id`, `body`, `created_at`) VALUES ('51', '51', '51', 'Ut eveniet dolorem commodi minima vel explicabo qui facilis. Repellat excepturi cupiditate et odio ducimus. Est eos provident provident aliquam. Aut aperiam qui nihil blanditiis iure.', '1971-07-11 18:07:47');
INSERT INTO `messages` (`id`, `from_user_id`, `to_user_id`, `body`, `created_at`) VALUES ('52', '52', '52', 'Dolore provident aut non dolorem. In accusantium numquam qui eius. Eum ea fugiat nisi. Molestiae accusamus architecto ad id.', '1982-10-18 13:57:47');
INSERT INTO `messages` (`id`, `from_user_id`, `to_user_id`, `body`, `created_at`) VALUES ('53', '53', '53', 'Consequatur dolorem eos voluptatem dolorem temporibus sit ut. Totam quo quo adipisci molestiae.', '2010-08-20 13:39:46');
INSERT INTO `messages` (`id`, `from_user_id`, `to_user_id`, `body`, `created_at`) VALUES ('54', '54', '54', 'In deserunt qui est enim consequatur pariatur. Est facere ad aut labore molestias. Rerum aut nulla dicta et est.', '1974-07-09 03:03:13');
INSERT INTO `messages` (`id`, `from_user_id`, `to_user_id`, `body`, `created_at`) VALUES ('55', '55', '55', 'Error sit totam ad quo dignissimos. Aut labore rem provident ipsa error harum quibusdam. Architecto sunt laborum rerum voluptatem fuga nisi.', '1980-03-19 01:11:49');
INSERT INTO `messages` (`id`, `from_user_id`, `to_user_id`, `body`, `created_at`) VALUES ('56', '56', '56', 'Dolore voluptas quod qui velit dolore veniam vero. Voluptatem est possimus quia quibusdam. Laboriosam facilis qui harum non porro quasi. Consectetur et et voluptatum magni hic. Sunt dolorem provident et omnis cupiditate libero magni ab.', '2014-09-27 07:03:37');
INSERT INTO `messages` (`id`, `from_user_id`, `to_user_id`, `body`, `created_at`) VALUES ('57', '57', '57', 'Nostrum mollitia dolores nihil consequatur blanditiis. Et et dolor soluta maxime qui fuga. Odit optio laudantium corporis omnis. Voluptas quia possimus rerum labore optio.', '1992-10-18 23:30:40');
INSERT INTO `messages` (`id`, `from_user_id`, `to_user_id`, `body`, `created_at`) VALUES ('58', '58', '58', 'Amet debitis corporis corrupti. Omnis rerum quidem perferendis tempore aliquam. Excepturi quas vitae architecto minima.', '1991-11-30 17:30:00');
INSERT INTO `messages` (`id`, `from_user_id`, `to_user_id`, `body`, `created_at`) VALUES ('59', '59', '59', 'Tenetur beatae labore dicta non sint et. Facere natus sapiente laborum iure. Atque cumque dolore eos repellendus et sint quaerat.', '2015-06-06 16:09:56');
INSERT INTO `messages` (`id`, `from_user_id`, `to_user_id`, `body`, `created_at`) VALUES ('60', '60', '60', 'Sint est voluptas quo consequatur. Et et ut eveniet unde distinctio molestiae laudantium. Perspiciatis atque placeat voluptatem debitis ut quis tempore quos. Non ad omnis sit eos tenetur qui.', '1998-04-21 05:09:24');
INSERT INTO `messages` (`id`, `from_user_id`, `to_user_id`, `body`, `created_at`) VALUES ('61', '61', '61', 'Dolorum aut modi maiores possimus tempore eaque assumenda. Officiis soluta sapiente optio ex. Ea molestiae temporibus commodi.', '2003-03-15 05:11:37');
INSERT INTO `messages` (`id`, `from_user_id`, `to_user_id`, `body`, `created_at`) VALUES ('62', '62', '62', 'Explicabo harum expedita reiciendis id eaque quibusdam. Eius molestiae placeat eaque odio molestias exercitationem. Est nostrum officiis illo non possimus.', '1991-01-09 02:10:11');
INSERT INTO `messages` (`id`, `from_user_id`, `to_user_id`, `body`, `created_at`) VALUES ('63', '63', '63', 'Maxime voluptatem debitis quo quod. Tempora nihil iure qui quae quia. Modi autem fugit vitae minima itaque et.', '1975-01-08 09:31:05');
INSERT INTO `messages` (`id`, `from_user_id`, `to_user_id`, `body`, `created_at`) VALUES ('64', '64', '64', 'Ut excepturi error qui repellendus labore molestiae fugiat. Adipisci reiciendis mollitia ad eligendi. Voluptas nam minima non et alias.', '1970-01-04 10:52:29');
INSERT INTO `messages` (`id`, `from_user_id`, `to_user_id`, `body`, `created_at`) VALUES ('65', '65', '65', 'Id dolorem minima amet quasi illum eos non. Sed vitae quibusdam harum neque. Nesciunt possimus consequatur quas sed excepturi.', '2001-06-05 07:18:51');
INSERT INTO `messages` (`id`, `from_user_id`, `to_user_id`, `body`, `created_at`) VALUES ('66', '66', '66', 'Corrupti ut qui odit laborum ad enim quia. Similique aperiam nisi facilis adipisci repudiandae iure vitae. Ex mollitia voluptatem eaque omnis sed aspernatur occaecati.', '1977-11-25 06:32:55');
INSERT INTO `messages` (`id`, `from_user_id`, `to_user_id`, `body`, `created_at`) VALUES ('67', '67', '67', 'Nulla expedita corrupti quia alias. Earum quam et vel ut nemo ut rem. Excepturi qui reiciendis dolorem velit maxime quod. Corrupti sequi corrupti qui debitis a quidem.', '1972-11-01 13:39:18');
INSERT INTO `messages` (`id`, `from_user_id`, `to_user_id`, `body`, `created_at`) VALUES ('68', '68', '68', 'Et vel hic in nisi cupiditate sequi tempore. Voluptas cupiditate fugit eaque dolores. Veniam quis sequi architecto incidunt reprehenderit.', '1978-08-26 20:11:50');
INSERT INTO `messages` (`id`, `from_user_id`, `to_user_id`, `body`, `created_at`) VALUES ('69', '69', '69', 'Nemo voluptas atque quos rerum minima unde laborum veniam. Commodi consectetur veritatis eum voluptatem aut quia ut.', '1992-03-07 21:22:23');
INSERT INTO `messages` (`id`, `from_user_id`, `to_user_id`, `body`, `created_at`) VALUES ('70', '70', '70', 'Ad repellat cupiditate quisquam eum non ipsam. Aut ut aut est aut voluptas aliquam omnis. Qui est inventore sunt eligendi cum quis ut.', '2000-06-17 04:50:45');
INSERT INTO `messages` (`id`, `from_user_id`, `to_user_id`, `body`, `created_at`) VALUES ('71', '71', '71', 'Eius eos deserunt et qui dolore. Esse sint voluptatem sapiente cumque occaecati. Voluptatem et et nisi.', '2018-09-04 04:05:11');
INSERT INTO `messages` (`id`, `from_user_id`, `to_user_id`, `body`, `created_at`) VALUES ('72', '72', '72', 'Velit sed nostrum eos perferendis et sit rerum. In eum ex necessitatibus nisi dolor iusto voluptas et. Veniam distinctio repudiandae maiores.', '1981-12-28 01:46:04');
INSERT INTO `messages` (`id`, `from_user_id`, `to_user_id`, `body`, `created_at`) VALUES ('73', '73', '73', 'Blanditiis voluptates voluptas qui aut. Et molestias vitae cumque cumque assumenda voluptas.', '2009-12-05 12:10:04');
INSERT INTO `messages` (`id`, `from_user_id`, `to_user_id`, `body`, `created_at`) VALUES ('74', '74', '74', 'Maiores qui neque alias amet fugiat cumque explicabo temporibus. Sit ipsam maiores error quia. Exercitationem quos et amet consequatur animi non.', '1977-10-10 02:59:50');
INSERT INTO `messages` (`id`, `from_user_id`, `to_user_id`, `body`, `created_at`) VALUES ('75', '75', '75', 'Qui harum fugit facere optio mollitia impedit. Ad voluptas est accusantium. A similique unde non commodi.', '1973-01-26 01:28:01');
INSERT INTO `messages` (`id`, `from_user_id`, `to_user_id`, `body`, `created_at`) VALUES ('76', '76', '76', 'Qui maiores ex assumenda. Tenetur maxime quia sed. Tempora vero ad culpa quia maxime sit. Incidunt iure quia rem ut ut.', '2014-01-17 23:08:35');
INSERT INTO `messages` (`id`, `from_user_id`, `to_user_id`, `body`, `created_at`) VALUES ('77', '77', '77', 'Distinctio quasi voluptatem sequi excepturi sit sed qui. Voluptas fuga quia repellat consequatur voluptatibus minima quibusdam. Iure consequatur consectetur voluptas et exercitationem itaque.', '1978-12-13 12:34:55');
INSERT INTO `messages` (`id`, `from_user_id`, `to_user_id`, `body`, `created_at`) VALUES ('78', '78', '78', 'Necessitatibus sequi eos fuga commodi a delectus quia. Voluptatem magni autem ipsam fugit quo ad ut. Voluptates quia occaecati adipisci blanditiis dolores. Blanditiis dignissimos aut est saepe nesciunt vitae.', '1971-06-03 07:37:05');
INSERT INTO `messages` (`id`, `from_user_id`, `to_user_id`, `body`, `created_at`) VALUES ('79', '79', '79', 'Suscipit velit inventore autem ducimus fuga sit sit. Voluptas sed veritatis voluptas adipisci. Sint dolor voluptas magni odio. Id ex facere dolorem delectus ipsa ut quasi.', '2000-08-23 20:37:12');
INSERT INTO `messages` (`id`, `from_user_id`, `to_user_id`, `body`, `created_at`) VALUES ('80', '80', '80', 'Et at rerum deserunt. Quas quia enim velit eum. Nihil est enim eaque. Aliquid eligendi adipisci voluptates eum.', '2011-07-02 13:43:45');
INSERT INTO `messages` (`id`, `from_user_id`, `to_user_id`, `body`, `created_at`) VALUES ('81', '81', '81', 'Totam sit vel repellendus. Libero voluptatem natus aut magnam ut ea et. Labore et mollitia vel maiores cum enim beatae.', '2012-04-08 21:52:26');
INSERT INTO `messages` (`id`, `from_user_id`, `to_user_id`, `body`, `created_at`) VALUES ('82', '82', '82', 'Quis alias aut minima eligendi dolorem est. Eos et eos aut exercitationem non soluta qui autem. Labore qui accusantium provident veritatis. Dolorum quisquam rem velit ipsa eaque.', '1991-02-16 06:42:02');
INSERT INTO `messages` (`id`, `from_user_id`, `to_user_id`, `body`, `created_at`) VALUES ('83', '83', '83', 'Nostrum iusto voluptas veniam debitis suscipit. Exercitationem odio voluptate odio consequatur adipisci sint. Omnis delectus minima eum ea numquam sint. Ex dolor illum consequatur et atque explicabo.', '1998-09-05 22:31:03');
INSERT INTO `messages` (`id`, `from_user_id`, `to_user_id`, `body`, `created_at`) VALUES ('84', '84', '84', 'Consequatur voluptates dolorem est ratione quia non. Consequatur reprehenderit voluptatem qui repellat nam fugiat. Magnam in tempora molestiae adipisci tempore molestiae. Omnis quam in ullam pariatur voluptatibus commodi.', '2001-10-18 03:50:24');
INSERT INTO `messages` (`id`, `from_user_id`, `to_user_id`, `body`, `created_at`) VALUES ('85', '85', '85', 'Animi exercitationem itaque ullam molestiae inventore numquam. Quia et non occaecati et est occaecati. Dolorem aut impedit amet. Nihil et vel a aliquid eos non tenetur.', '1976-11-06 08:05:35');
INSERT INTO `messages` (`id`, `from_user_id`, `to_user_id`, `body`, `created_at`) VALUES ('86', '86', '86', 'Dignissimos quis sit a. Aliquid culpa voluptas tempore assumenda. Alias corporis sed praesentium cumque sed quibusdam. Iste tenetur expedita reiciendis perspiciatis voluptatem numquam accusamus.', '1970-11-29 15:28:19');
INSERT INTO `messages` (`id`, `from_user_id`, `to_user_id`, `body`, `created_at`) VALUES ('87', '87', '87', 'Eos repellendus odio error ut at magni. Esse tenetur molestias quia maxime. Illo sed cumque fugiat rem assumenda quis. Quaerat tempora omnis explicabo necessitatibus nam cumque.', '1986-02-20 20:10:17');
INSERT INTO `messages` (`id`, `from_user_id`, `to_user_id`, `body`, `created_at`) VALUES ('88', '88', '88', 'Recusandae repellendus aspernatur quasi et quo. Tenetur eligendi culpa dolor quas voluptatibus.', '2000-02-15 05:59:08');
INSERT INTO `messages` (`id`, `from_user_id`, `to_user_id`, `body`, `created_at`) VALUES ('89', '89', '89', 'Quos labore voluptatum sint ut. Veritatis et error est. Aut sit quasi facilis id.', '2000-03-11 12:45:13');
INSERT INTO `messages` (`id`, `from_user_id`, `to_user_id`, `body`, `created_at`) VALUES ('90', '90', '90', 'Dolorum quae ullam totam ea velit et et. Dolores tempora ut odio aut quaerat voluptatum adipisci omnis. Ea veniam corrupti sit ab. Voluptates cumque assumenda cum quia et qui. Nam consectetur sequi voluptatum qui maiores.', '2008-09-19 07:40:04');
INSERT INTO `messages` (`id`, `from_user_id`, `to_user_id`, `body`, `created_at`) VALUES ('91', '91', '91', 'Dicta et ut voluptatum sed occaecati omnis quasi. Et optio quis nesciunt fuga sint ut et. Reiciendis porro tempore eum in maiores quaerat placeat.', '2014-10-28 04:47:10');
INSERT INTO `messages` (`id`, `from_user_id`, `to_user_id`, `body`, `created_at`) VALUES ('92', '92', '92', 'Odio recusandae sed illo sint tempora numquam doloremque. Ipsam ea et excepturi dolorem adipisci. Id iste quia est dolor. Sed illum facilis sunt qui sunt aliquid.', '1988-08-20 19:34:19');
INSERT INTO `messages` (`id`, `from_user_id`, `to_user_id`, `body`, `created_at`) VALUES ('93', '93', '93', 'Asperiores animi vitae modi accusantium voluptatum ab. Eum perspiciatis enim debitis et deleniti sunt eum. Et sed vero iusto earum amet qui consequuntur et. Aut laboriosam sequi sapiente ea asperiores ut voluptas.', '1997-03-09 08:10:39');
INSERT INTO `messages` (`id`, `from_user_id`, `to_user_id`, `body`, `created_at`) VALUES ('94', '94', '94', 'Dolores magnam in consequuntur asperiores nam natus. Eligendi et suscipit mollitia eligendi. Rerum voluptatem et dolores ut quidem.', '1993-11-19 20:47:55');
INSERT INTO `messages` (`id`, `from_user_id`, `to_user_id`, `body`, `created_at`) VALUES ('95', '95', '95', 'Ex quia aut quis magni dignissimos sit. Sapiente eos quidem culpa odit pariatur dolor laudantium omnis. Vero non veritatis adipisci neque.', '1974-11-29 03:15:52');
INSERT INTO `messages` (`id`, `from_user_id`, `to_user_id`, `body`, `created_at`) VALUES ('96', '96', '96', 'Voluptatibus cupiditate eligendi explicabo incidunt aperiam ut sed. Sed officia veniam autem et. Atque facere est nobis recusandae.', '2014-07-27 19:09:13');
INSERT INTO `messages` (`id`, `from_user_id`, `to_user_id`, `body`, `created_at`) VALUES ('97', '97', '97', 'Vero dolor perspiciatis suscipit dolor iusto eum. Modi minima ut nihil sunt consequatur. Laboriosam ratione vero ad expedita similique.', '2019-09-18 03:21:43');
INSERT INTO `messages` (`id`, `from_user_id`, `to_user_id`, `body`, `created_at`) VALUES ('98', '98', '98', 'Aut ab eos est. Veniam fugit vitae nihil aspernatur ullam. Iusto et eos atque maxime iure omnis.', '1995-10-09 05:54:57');
INSERT INTO `messages` (`id`, `from_user_id`, `to_user_id`, `body`, `created_at`) VALUES ('99', '99', '99', 'Enim qui dolorum repellendus consectetur deleniti adipisci. Repudiandae nisi voluptas eligendi aut omnis ut ea. Ea est nihil excepturi et occaecati. Ab nulla aliquam voluptates quaerat est.', '2005-03-30 06:06:48');
INSERT INTO `messages` (`id`, `from_user_id`, `to_user_id`, `body`, `created_at`) VALUES ('100', '100', '100', 'Repellat dolorem enim quaerat reiciendis. Ex doloremque aspernatur rerum rerum. Cumque cum et qui qui praesentium dignissimos.', '1978-12-28 20:13:11');

DROP TABLE IF EXISTS friend_requests;
CREATE TABLE friend_requests (
	initiator_user_id BIGINT UNSIGNED NOT NULL,
    target_user_id BIGINT UNSIGNED NOT NULL,
    `status` ENUM('requested', 'approved', 'unfriended', 'declined') default 'requested',
    requested_at DATETIME DEFAULT NOW(),
	confirmed_at DATETIME,
	
    PRIMARY KEY (initiator_user_id, target_user_id),
	INDEX (initiator_user_id), 
    INDEX (target_user_id),
    FOREIGN KEY (initiator_user_id) REFERENCES users(id),
    FOREIGN KEY (target_user_id) REFERENCES users(id)
);

INSERT INTO `friend_requests` (`initiator_user_id`, `target_user_id`, `status`, `requested_at`, `confirmed_at`) VALUES ('1', '1', 'requested', '1994-07-17 10:54:32', '1994-03-27 09:21:57');
INSERT INTO `friend_requests` (`initiator_user_id`, `target_user_id`, `status`, `requested_at`, `confirmed_at`) VALUES ('2', '2', 'declined', '1991-12-24 02:46:45', '1970-11-21 06:02:59');
INSERT INTO `friend_requests` (`initiator_user_id`, `target_user_id`, `status`, `requested_at`, `confirmed_at`) VALUES ('3', '3', 'unfriended', '1989-01-07 18:25:54', '2010-02-04 23:25:34');
INSERT INTO `friend_requests` (`initiator_user_id`, `target_user_id`, `status`, `requested_at`, `confirmed_at`) VALUES ('4', '4', 'requested', '1978-06-16 14:45:26', '1972-12-03 03:09:51');
INSERT INTO `friend_requests` (`initiator_user_id`, `target_user_id`, `status`, `requested_at`, `confirmed_at`) VALUES ('5', '5', 'declined', '1992-12-04 18:23:52', '2017-07-08 13:04:08');
INSERT INTO `friend_requests` (`initiator_user_id`, `target_user_id`, `status`, `requested_at`, `confirmed_at`) VALUES ('6', '6', 'unfriended', '2019-05-22 22:33:10', '2019-02-20 09:17:55');
INSERT INTO `friend_requests` (`initiator_user_id`, `target_user_id`, `status`, `requested_at`, `confirmed_at`) VALUES ('7', '7', 'unfriended', '2005-01-16 12:06:06', '2004-09-09 07:46:07');
INSERT INTO `friend_requests` (`initiator_user_id`, `target_user_id`, `status`, `requested_at`, `confirmed_at`) VALUES ('8', '8', 'unfriended', '2014-07-30 02:47:15', '2003-04-25 07:02:30');
INSERT INTO `friend_requests` (`initiator_user_id`, `target_user_id`, `status`, `requested_at`, `confirmed_at`) VALUES ('9', '9', 'declined', '2000-02-15 00:26:11', '2020-05-28 20:16:08');
INSERT INTO `friend_requests` (`initiator_user_id`, `target_user_id`, `status`, `requested_at`, `confirmed_at`) VALUES ('10', '10', 'declined', '1993-11-22 19:53:53', '1991-01-25 15:58:31');
INSERT INTO `friend_requests` (`initiator_user_id`, `target_user_id`, `status`, `requested_at`, `confirmed_at`) VALUES ('11', '11', 'requested', '1991-09-05 16:52:40', '1973-01-18 05:22:08');
INSERT INTO `friend_requests` (`initiator_user_id`, `target_user_id`, `status`, `requested_at`, `confirmed_at`) VALUES ('12', '12', 'unfriended', '1972-12-06 18:17:47', '2017-11-04 21:40:57');
INSERT INTO `friend_requests` (`initiator_user_id`, `target_user_id`, `status`, `requested_at`, `confirmed_at`) VALUES ('13', '13', 'requested', '2018-04-13 23:05:35', '2000-04-28 06:11:39');
INSERT INTO `friend_requests` (`initiator_user_id`, `target_user_id`, `status`, `requested_at`, `confirmed_at`) VALUES ('14', '14', 'declined', '2018-10-17 12:33:42', '1986-01-02 09:01:20');
INSERT INTO `friend_requests` (`initiator_user_id`, `target_user_id`, `status`, `requested_at`, `confirmed_at`) VALUES ('15', '15', 'approved', '2003-09-14 07:50:41', '1994-09-17 06:02:36');
INSERT INTO `friend_requests` (`initiator_user_id`, `target_user_id`, `status`, `requested_at`, `confirmed_at`) VALUES ('16', '16', 'declined', '2006-07-29 05:04:37', '2010-07-21 05:19:46');
INSERT INTO `friend_requests` (`initiator_user_id`, `target_user_id`, `status`, `requested_at`, `confirmed_at`) VALUES ('17', '17', 'unfriended', '2017-05-17 07:14:54', '2012-10-04 18:20:46');
INSERT INTO `friend_requests` (`initiator_user_id`, `target_user_id`, `status`, `requested_at`, `confirmed_at`) VALUES ('18', '18', 'declined', '2005-05-07 18:20:51', '2019-09-14 16:00:25');
INSERT INTO `friend_requests` (`initiator_user_id`, `target_user_id`, `status`, `requested_at`, `confirmed_at`) VALUES ('19', '19', 'requested', '2017-11-30 22:33:25', '2008-02-10 23:18:22');
INSERT INTO `friend_requests` (`initiator_user_id`, `target_user_id`, `status`, `requested_at`, `confirmed_at`) VALUES ('20', '20', 'unfriended', '2018-12-14 14:44:44', '1994-06-10 23:48:36');
INSERT INTO `friend_requests` (`initiator_user_id`, `target_user_id`, `status`, `requested_at`, `confirmed_at`) VALUES ('21', '21', 'approved', '2004-07-30 08:36:55', '1981-05-25 04:03:20');
INSERT INTO `friend_requests` (`initiator_user_id`, `target_user_id`, `status`, `requested_at`, `confirmed_at`) VALUES ('22', '22', 'declined', '1982-01-18 20:37:29', '1980-02-20 12:03:17');
INSERT INTO `friend_requests` (`initiator_user_id`, `target_user_id`, `status`, `requested_at`, `confirmed_at`) VALUES ('23', '23', 'approved', '1971-05-19 20:41:32', '2007-05-14 22:17:32');
INSERT INTO `friend_requests` (`initiator_user_id`, `target_user_id`, `status`, `requested_at`, `confirmed_at`) VALUES ('24', '24', 'declined', '1981-07-23 12:05:05', '2000-08-26 00:27:32');
INSERT INTO `friend_requests` (`initiator_user_id`, `target_user_id`, `status`, `requested_at`, `confirmed_at`) VALUES ('25', '25', 'unfriended', '1971-05-11 21:25:47', '1976-05-13 15:28:03');
INSERT INTO `friend_requests` (`initiator_user_id`, `target_user_id`, `status`, `requested_at`, `confirmed_at`) VALUES ('26', '26', 'approved', '1981-03-23 01:54:43', '1982-10-26 05:09:12');
INSERT INTO `friend_requests` (`initiator_user_id`, `target_user_id`, `status`, `requested_at`, `confirmed_at`) VALUES ('27', '27', 'requested', '1986-12-01 09:57:24', '1988-08-06 21:53:10');
INSERT INTO `friend_requests` (`initiator_user_id`, `target_user_id`, `status`, `requested_at`, `confirmed_at`) VALUES ('28', '28', 'unfriended', '2001-04-08 08:54:22', '2008-08-28 21:21:43');
INSERT INTO `friend_requests` (`initiator_user_id`, `target_user_id`, `status`, `requested_at`, `confirmed_at`) VALUES ('29', '29', 'declined', '1978-12-13 04:45:31', '1998-06-21 02:42:19');
INSERT INTO `friend_requests` (`initiator_user_id`, `target_user_id`, `status`, `requested_at`, `confirmed_at`) VALUES ('30', '30', 'requested', '1983-01-21 13:43:04', '1982-03-24 23:09:07');
INSERT INTO `friend_requests` (`initiator_user_id`, `target_user_id`, `status`, `requested_at`, `confirmed_at`) VALUES ('31', '31', 'declined', '1974-10-11 01:55:56', '2016-08-21 06:59:13');
INSERT INTO `friend_requests` (`initiator_user_id`, `target_user_id`, `status`, `requested_at`, `confirmed_at`) VALUES ('32', '32', 'requested', '1992-10-22 00:53:27', '1991-06-24 10:36:15');
INSERT INTO `friend_requests` (`initiator_user_id`, `target_user_id`, `status`, `requested_at`, `confirmed_at`) VALUES ('33', '33', 'approved', '1994-08-23 13:56:42', '1985-09-01 09:25:32');
INSERT INTO `friend_requests` (`initiator_user_id`, `target_user_id`, `status`, `requested_at`, `confirmed_at`) VALUES ('34', '34', 'unfriended', '1976-06-27 14:07:55', '1986-05-24 00:05:38');
INSERT INTO `friend_requests` (`initiator_user_id`, `target_user_id`, `status`, `requested_at`, `confirmed_at`) VALUES ('35', '35', 'approved', '1991-03-02 14:29:27', '1998-02-05 01:53:01');
INSERT INTO `friend_requests` (`initiator_user_id`, `target_user_id`, `status`, `requested_at`, `confirmed_at`) VALUES ('36', '36', 'declined', '2010-10-17 02:07:20', '2006-08-17 13:08:05');
INSERT INTO `friend_requests` (`initiator_user_id`, `target_user_id`, `status`, `requested_at`, `confirmed_at`) VALUES ('37', '37', 'declined', '2004-03-12 03:18:53', '2013-04-28 17:25:27');
INSERT INTO `friend_requests` (`initiator_user_id`, `target_user_id`, `status`, `requested_at`, `confirmed_at`) VALUES ('38', '38', 'approved', '2003-02-02 04:11:52', '2019-09-10 05:01:36');
INSERT INTO `friend_requests` (`initiator_user_id`, `target_user_id`, `status`, `requested_at`, `confirmed_at`) VALUES ('39', '39', 'declined', '2011-10-11 12:42:20', '1970-06-23 21:16:09');
INSERT INTO `friend_requests` (`initiator_user_id`, `target_user_id`, `status`, `requested_at`, `confirmed_at`) VALUES ('40', '40', 'approved', '1989-06-24 02:51:41', '1976-05-22 05:49:42');
INSERT INTO `friend_requests` (`initiator_user_id`, `target_user_id`, `status`, `requested_at`, `confirmed_at`) VALUES ('41', '41', 'requested', '1976-10-21 13:11:02', '1999-08-19 09:37:59');
INSERT INTO `friend_requests` (`initiator_user_id`, `target_user_id`, `status`, `requested_at`, `confirmed_at`) VALUES ('42', '42', 'unfriended', '1979-12-01 07:43:55', '1990-04-10 19:51:53');
INSERT INTO `friend_requests` (`initiator_user_id`, `target_user_id`, `status`, `requested_at`, `confirmed_at`) VALUES ('43', '43', 'unfriended', '1996-12-06 05:15:30', '2003-03-02 20:26:22');
INSERT INTO `friend_requests` (`initiator_user_id`, `target_user_id`, `status`, `requested_at`, `confirmed_at`) VALUES ('44', '44', 'declined', '1989-10-07 21:55:49', '1978-06-28 16:39:57');
INSERT INTO `friend_requests` (`initiator_user_id`, `target_user_id`, `status`, `requested_at`, `confirmed_at`) VALUES ('45', '45', 'requested', '2005-06-20 13:05:31', '1976-08-12 14:08:06');
INSERT INTO `friend_requests` (`initiator_user_id`, `target_user_id`, `status`, `requested_at`, `confirmed_at`) VALUES ('46', '46', 'unfriended', '2003-03-29 23:48:28', '2013-07-23 10:43:47');
INSERT INTO `friend_requests` (`initiator_user_id`, `target_user_id`, `status`, `requested_at`, `confirmed_at`) VALUES ('47', '47', 'declined', '2011-01-09 19:59:15', '2008-09-18 20:42:32');
INSERT INTO `friend_requests` (`initiator_user_id`, `target_user_id`, `status`, `requested_at`, `confirmed_at`) VALUES ('48', '48', 'approved', '1982-08-08 06:32:48', '1975-01-01 16:41:13');
INSERT INTO `friend_requests` (`initiator_user_id`, `target_user_id`, `status`, `requested_at`, `confirmed_at`) VALUES ('49', '49', 'unfriended', '1998-11-23 09:16:31', '2011-09-26 14:07:28');
INSERT INTO `friend_requests` (`initiator_user_id`, `target_user_id`, `status`, `requested_at`, `confirmed_at`) VALUES ('50', '50', 'unfriended', '1996-08-04 03:45:32', '1997-10-30 05:34:31');
INSERT INTO `friend_requests` (`initiator_user_id`, `target_user_id`, `status`, `requested_at`, `confirmed_at`) VALUES ('51', '51', 'unfriended', '1979-09-03 03:02:48', '2009-12-14 21:03:13');
INSERT INTO `friend_requests` (`initiator_user_id`, `target_user_id`, `status`, `requested_at`, `confirmed_at`) VALUES ('52', '52', 'requested', '2017-05-16 04:22:26', '2015-06-15 17:07:21');
INSERT INTO `friend_requests` (`initiator_user_id`, `target_user_id`, `status`, `requested_at`, `confirmed_at`) VALUES ('53', '53', 'declined', '1995-08-29 03:50:58', '1995-08-17 23:36:57');
INSERT INTO `friend_requests` (`initiator_user_id`, `target_user_id`, `status`, `requested_at`, `confirmed_at`) VALUES ('54', '54', 'unfriended', '1980-01-20 17:10:34', '2010-05-28 10:33:42');
INSERT INTO `friend_requests` (`initiator_user_id`, `target_user_id`, `status`, `requested_at`, `confirmed_at`) VALUES ('55', '55', 'approved', '1971-08-06 22:45:52', '1970-02-15 13:25:34');
INSERT INTO `friend_requests` (`initiator_user_id`, `target_user_id`, `status`, `requested_at`, `confirmed_at`) VALUES ('56', '56', 'approved', '1986-09-10 01:26:55', '1972-05-24 04:55:53');
INSERT INTO `friend_requests` (`initiator_user_id`, `target_user_id`, `status`, `requested_at`, `confirmed_at`) VALUES ('57', '57', 'declined', '2005-04-01 10:35:18', '1990-08-13 11:34:32');
INSERT INTO `friend_requests` (`initiator_user_id`, `target_user_id`, `status`, `requested_at`, `confirmed_at`) VALUES ('58', '58', 'requested', '1977-11-22 12:37:45', '1988-07-22 06:11:33');
INSERT INTO `friend_requests` (`initiator_user_id`, `target_user_id`, `status`, `requested_at`, `confirmed_at`) VALUES ('59', '59', 'unfriended', '1998-09-26 22:54:24', '1982-05-30 10:25:49');
INSERT INTO `friend_requests` (`initiator_user_id`, `target_user_id`, `status`, `requested_at`, `confirmed_at`) VALUES ('60', '60', 'requested', '1993-01-02 20:05:11', '2020-03-21 11:11:27');
INSERT INTO `friend_requests` (`initiator_user_id`, `target_user_id`, `status`, `requested_at`, `confirmed_at`) VALUES ('61', '61', 'declined', '1988-04-11 21:40:44', '1995-10-07 07:49:18');
INSERT INTO `friend_requests` (`initiator_user_id`, `target_user_id`, `status`, `requested_at`, `confirmed_at`) VALUES ('62', '62', 'declined', '1978-05-22 22:24:03', '1980-10-19 23:12:35');
INSERT INTO `friend_requests` (`initiator_user_id`, `target_user_id`, `status`, `requested_at`, `confirmed_at`) VALUES ('63', '63', 'unfriended', '1971-01-06 15:55:22', '2015-09-14 02:27:19');
INSERT INTO `friend_requests` (`initiator_user_id`, `target_user_id`, `status`, `requested_at`, `confirmed_at`) VALUES ('64', '64', 'requested', '1974-04-22 00:24:27', '1992-04-24 18:33:22');
INSERT INTO `friend_requests` (`initiator_user_id`, `target_user_id`, `status`, `requested_at`, `confirmed_at`) VALUES ('65', '65', 'approved', '1978-09-24 21:47:28', '1978-05-28 11:11:34');
INSERT INTO `friend_requests` (`initiator_user_id`, `target_user_id`, `status`, `requested_at`, `confirmed_at`) VALUES ('66', '66', 'declined', '1984-07-15 14:01:47', '1971-10-22 13:13:34');
INSERT INTO `friend_requests` (`initiator_user_id`, `target_user_id`, `status`, `requested_at`, `confirmed_at`) VALUES ('67', '67', 'declined', '2014-02-16 00:12:43', '2004-04-05 10:24:58');
INSERT INTO `friend_requests` (`initiator_user_id`, `target_user_id`, `status`, `requested_at`, `confirmed_at`) VALUES ('68', '68', 'approved', '1998-08-02 17:42:40', '2005-07-31 13:04:24');
INSERT INTO `friend_requests` (`initiator_user_id`, `target_user_id`, `status`, `requested_at`, `confirmed_at`) VALUES ('69', '69', 'unfriended', '1985-04-18 21:07:38', '2018-01-27 18:14:10');
INSERT INTO `friend_requests` (`initiator_user_id`, `target_user_id`, `status`, `requested_at`, `confirmed_at`) VALUES ('70', '70', 'declined', '2001-05-04 13:43:29', '1983-10-19 06:31:38');
INSERT INTO `friend_requests` (`initiator_user_id`, `target_user_id`, `status`, `requested_at`, `confirmed_at`) VALUES ('71', '71', 'unfriended', '1972-02-28 05:45:36', '1993-10-28 10:18:59');
INSERT INTO `friend_requests` (`initiator_user_id`, `target_user_id`, `status`, `requested_at`, `confirmed_at`) VALUES ('72', '72', 'approved', '2004-08-29 04:22:07', '1996-12-15 22:29:08');
INSERT INTO `friend_requests` (`initiator_user_id`, `target_user_id`, `status`, `requested_at`, `confirmed_at`) VALUES ('73', '73', 'approved', '1988-01-29 13:51:13', '2003-09-21 22:16:39');
INSERT INTO `friend_requests` (`initiator_user_id`, `target_user_id`, `status`, `requested_at`, `confirmed_at`) VALUES ('74', '74', 'requested', '1995-02-24 11:33:14', '1989-08-15 00:06:44');
INSERT INTO `friend_requests` (`initiator_user_id`, `target_user_id`, `status`, `requested_at`, `confirmed_at`) VALUES ('75', '75', 'declined', '1993-08-18 12:42:26', '1972-05-08 19:40:05');
INSERT INTO `friend_requests` (`initiator_user_id`, `target_user_id`, `status`, `requested_at`, `confirmed_at`) VALUES ('76', '76', 'approved', '2020-05-09 19:34:09', '2000-09-27 19:11:37');
INSERT INTO `friend_requests` (`initiator_user_id`, `target_user_id`, `status`, `requested_at`, `confirmed_at`) VALUES ('77', '77', 'declined', '1993-07-02 01:43:09', '2010-09-06 17:10:53');
INSERT INTO `friend_requests` (`initiator_user_id`, `target_user_id`, `status`, `requested_at`, `confirmed_at`) VALUES ('78', '78', 'requested', '1993-05-26 07:22:11', '1992-04-06 08:57:14');
INSERT INTO `friend_requests` (`initiator_user_id`, `target_user_id`, `status`, `requested_at`, `confirmed_at`) VALUES ('79', '79', 'approved', '2013-05-11 11:03:34', '1978-07-22 17:20:29');
INSERT INTO `friend_requests` (`initiator_user_id`, `target_user_id`, `status`, `requested_at`, `confirmed_at`) VALUES ('80', '80', 'declined', '2008-05-13 03:20:28', '1988-11-03 22:04:50');
INSERT INTO `friend_requests` (`initiator_user_id`, `target_user_id`, `status`, `requested_at`, `confirmed_at`) VALUES ('81', '81', 'requested', '1986-04-02 06:33:01', '1978-03-17 02:26:16');
INSERT INTO `friend_requests` (`initiator_user_id`, `target_user_id`, `status`, `requested_at`, `confirmed_at`) VALUES ('82', '82', 'declined', '1986-04-24 13:01:58', '2001-02-18 01:45:41');
INSERT INTO `friend_requests` (`initiator_user_id`, `target_user_id`, `status`, `requested_at`, `confirmed_at`) VALUES ('83', '83', 'declined', '1987-05-20 19:26:37', '1984-01-31 07:13:27');
INSERT INTO `friend_requests` (`initiator_user_id`, `target_user_id`, `status`, `requested_at`, `confirmed_at`) VALUES ('84', '84', 'unfriended', '2003-03-22 23:18:32', '2004-03-23 20:35:44');
INSERT INTO `friend_requests` (`initiator_user_id`, `target_user_id`, `status`, `requested_at`, `confirmed_at`) VALUES ('85', '85', 'approved', '1985-01-19 15:49:27', '1980-11-07 05:54:50');
INSERT INTO `friend_requests` (`initiator_user_id`, `target_user_id`, `status`, `requested_at`, `confirmed_at`) VALUES ('86', '86', 'requested', '1980-03-25 19:24:30', '1993-12-14 21:24:40');
INSERT INTO `friend_requests` (`initiator_user_id`, `target_user_id`, `status`, `requested_at`, `confirmed_at`) VALUES ('87', '87', 'declined', '1994-03-19 22:05:51', '2019-08-02 09:04:34');
INSERT INTO `friend_requests` (`initiator_user_id`, `target_user_id`, `status`, `requested_at`, `confirmed_at`) VALUES ('88', '88', 'requested', '1977-11-19 17:58:24', '1999-09-14 03:33:16');
INSERT INTO `friend_requests` (`initiator_user_id`, `target_user_id`, `status`, `requested_at`, `confirmed_at`) VALUES ('89', '89', 'requested', '1981-08-26 19:26:16', '2002-10-14 20:15:12');
INSERT INTO `friend_requests` (`initiator_user_id`, `target_user_id`, `status`, `requested_at`, `confirmed_at`) VALUES ('90', '90', 'requested', '2013-05-21 12:35:23', '1972-03-08 18:53:06');
INSERT INTO `friend_requests` (`initiator_user_id`, `target_user_id`, `status`, `requested_at`, `confirmed_at`) VALUES ('91', '91', 'approved', '1998-02-12 07:14:40', '2008-04-21 06:00:02');
INSERT INTO `friend_requests` (`initiator_user_id`, `target_user_id`, `status`, `requested_at`, `confirmed_at`) VALUES ('92', '92', 'requested', '1992-03-19 21:31:55', '1988-01-09 22:58:23');
INSERT INTO `friend_requests` (`initiator_user_id`, `target_user_id`, `status`, `requested_at`, `confirmed_at`) VALUES ('93', '93', 'approved', '2002-05-22 17:05:48', '1997-06-01 03:42:47');
INSERT INTO `friend_requests` (`initiator_user_id`, `target_user_id`, `status`, `requested_at`, `confirmed_at`) VALUES ('94', '94', 'declined', '1997-09-14 06:03:52', '1983-07-17 04:10:46');
INSERT INTO `friend_requests` (`initiator_user_id`, `target_user_id`, `status`, `requested_at`, `confirmed_at`) VALUES ('95', '95', 'unfriended', '1977-02-14 04:26:15', '1999-07-05 11:18:35');
INSERT INTO `friend_requests` (`initiator_user_id`, `target_user_id`, `status`, `requested_at`, `confirmed_at`) VALUES ('96', '96', 'declined', '2001-05-14 13:09:24', '1998-06-29 16:05:28');
INSERT INTO `friend_requests` (`initiator_user_id`, `target_user_id`, `status`, `requested_at`, `confirmed_at`) VALUES ('97', '97', 'requested', '1993-01-08 03:42:34', '2013-05-10 12:23:01');
INSERT INTO `friend_requests` (`initiator_user_id`, `target_user_id`, `status`, `requested_at`, `confirmed_at`) VALUES ('98', '98', 'approved', '1977-08-21 13:35:08', '1990-06-13 11:08:01');
INSERT INTO `friend_requests` (`initiator_user_id`, `target_user_id`, `status`, `requested_at`, `confirmed_at`) VALUES ('99', '99', 'approved', '1971-05-11 04:42:57', '1972-02-18 22:09:32');
INSERT INTO `friend_requests` (`initiator_user_id`, `target_user_id`, `status`, `requested_at`, `confirmed_at`) VALUES ('100', '100', 'unfriended', '1997-03-28 20:59:46', '2008-07-07 20:21:25');

DROP TABLE IF EXISTS communities;
CREATE TABLE communities(
	id SERIAL PRIMARY KEY,
	`name` VARCHAR(150),
	INDEX communities_name_idx(name)
);

INSERT INTO `communities` (`id`, `name`) VALUES ('41', 'aliquam');
INSERT INTO `communities` (`id`, `name`) VALUES ('56', 'aliquam');
INSERT INTO `communities` (`id`, `name`) VALUES ('70', 'aperiam');
INSERT INTO `communities` (`id`, `name`) VALUES ('88', 'architecto');
INSERT INTO `communities` (`id`, `name`) VALUES ('24', 'assumenda');
INSERT INTO `communities` (`id`, `name`) VALUES ('74', 'aut');
INSERT INTO `communities` (`id`, `name`) VALUES ('42', 'beatae');
INSERT INTO `communities` (`id`, `name`) VALUES ('87', 'beatae');
INSERT INTO `communities` (`id`, `name`) VALUES ('45', 'commodi');
INSERT INTO `communities` (`id`, `name`) VALUES ('1', 'consequuntur');
INSERT INTO `communities` (`id`, `name`) VALUES ('80', 'consequuntur');
INSERT INTO `communities` (`id`, `name`) VALUES ('25', 'corporis');
INSERT INTO `communities` (`id`, `name`) VALUES ('40', 'cum');
INSERT INTO `communities` (`id`, `name`) VALUES ('91', 'debitis');
INSERT INTO `communities` (`id`, `name`) VALUES ('11', 'dolor');
INSERT INTO `communities` (`id`, `name`) VALUES ('29', 'dolor');
INSERT INTO `communities` (`id`, `name`) VALUES ('81', 'dolorem');
INSERT INTO `communities` (`id`, `name`) VALUES ('51', 'dolorum');
INSERT INTO `communities` (`id`, `name`) VALUES ('52', 'dolorum');
INSERT INTO `communities` (`id`, `name`) VALUES ('72', 'enim');
INSERT INTO `communities` (`id`, `name`) VALUES ('8', 'eos');
INSERT INTO `communities` (`id`, `name`) VALUES ('30', 'esse');
INSERT INTO `communities` (`id`, `name`) VALUES ('96', 'esse');
INSERT INTO `communities` (`id`, `name`) VALUES ('94', 'est');
INSERT INTO `communities` (`id`, `name`) VALUES ('85', 'et');
INSERT INTO `communities` (`id`, `name`) VALUES ('93', 'et');
INSERT INTO `communities` (`id`, `name`) VALUES ('18', 'eum');
INSERT INTO `communities` (`id`, `name`) VALUES ('44', 'eum');
INSERT INTO `communities` (`id`, `name`) VALUES ('46', 'harum');
INSERT INTO `communities` (`id`, `name`) VALUES ('50', 'id');
INSERT INTO `communities` (`id`, `name`) VALUES ('75', 'id');
INSERT INTO `communities` (`id`, `name`) VALUES ('86', 'in');
INSERT INTO `communities` (`id`, `name`) VALUES ('57', 'inventore');
INSERT INTO `communities` (`id`, `name`) VALUES ('20', 'ipsam');
INSERT INTO `communities` (`id`, `name`) VALUES ('55', 'ipsam');
INSERT INTO `communities` (`id`, `name`) VALUES ('39', 'iste');
INSERT INTO `communities` (`id`, `name`) VALUES ('64', 'iure');
INSERT INTO `communities` (`id`, `name`) VALUES ('66', 'laboriosam');
INSERT INTO `communities` (`id`, `name`) VALUES ('2', 'libero');
INSERT INTO `communities` (`id`, `name`) VALUES ('48', 'maiores');
INSERT INTO `communities` (`id`, `name`) VALUES ('84', 'maiores');
INSERT INTO `communities` (`id`, `name`) VALUES ('9', 'minima');
INSERT INTO `communities` (`id`, `name`) VALUES ('26', 'minus');
INSERT INTO `communities` (`id`, `name`) VALUES ('78', 'molestiae');
INSERT INTO `communities` (`id`, `name`) VALUES ('28', 'molestias');
INSERT INTO `communities` (`id`, `name`) VALUES ('15', 'nam');
INSERT INTO `communities` (`id`, `name`) VALUES ('47', 'nam');
INSERT INTO `communities` (`id`, `name`) VALUES ('97', 'nam');
INSERT INTO `communities` (`id`, `name`) VALUES ('43', 'nesciunt');
INSERT INTO `communities` (`id`, `name`) VALUES ('12', 'nisi');
INSERT INTO `communities` (`id`, `name`) VALUES ('100', 'non');
INSERT INTO `communities` (`id`, `name`) VALUES ('77', 'nulla');
INSERT INTO `communities` (`id`, `name`) VALUES ('92', 'nulla');
INSERT INTO `communities` (`id`, `name`) VALUES ('33', 'occaecati');
INSERT INTO `communities` (`id`, `name`) VALUES ('3', 'odio');
INSERT INTO `communities` (`id`, `name`) VALUES ('31', 'odit');
INSERT INTO `communities` (`id`, `name`) VALUES ('83', 'officiis');
INSERT INTO `communities` (`id`, `name`) VALUES ('62', 'omnis');
INSERT INTO `communities` (`id`, `name`) VALUES ('5', 'perspiciatis');
INSERT INTO `communities` (`id`, `name`) VALUES ('21', 'porro');
INSERT INTO `communities` (`id`, `name`) VALUES ('17', 'possimus');
INSERT INTO `communities` (`id`, `name`) VALUES ('7', 'quaerat');
INSERT INTO `communities` (`id`, `name`) VALUES ('61', 'quam');
INSERT INTO `communities` (`id`, `name`) VALUES ('36', 'quidem');
INSERT INTO `communities` (`id`, `name`) VALUES ('13', 'quo');
INSERT INTO `communities` (`id`, `name`) VALUES ('89', 'quos');
INSERT INTO `communities` (`id`, `name`) VALUES ('76', 'recusandae');
INSERT INTO `communities` (`id`, `name`) VALUES ('19', 'rem');
INSERT INTO `communities` (`id`, `name`) VALUES ('60', 'rem');
INSERT INTO `communities` (`id`, `name`) VALUES ('14', 'repellat');
INSERT INTO `communities` (`id`, `name`) VALUES ('90', 'reprehenderit');
INSERT INTO `communities` (`id`, `name`) VALUES ('71', 'repudiandae');
INSERT INTO `communities` (`id`, `name`) VALUES ('4', 'rerum');
INSERT INTO `communities` (`id`, `name`) VALUES ('37', 'rerum');
INSERT INTO `communities` (`id`, `name`) VALUES ('53', 'rerum');
INSERT INTO `communities` (`id`, `name`) VALUES ('22', 'sed');
INSERT INTO `communities` (`id`, `name`) VALUES ('63', 'sed');
INSERT INTO `communities` (`id`, `name`) VALUES ('98', 'similique');
INSERT INTO `communities` (`id`, `name`) VALUES ('32', 'sint');
INSERT INTO `communities` (`id`, `name`) VALUES ('69', 'sunt');
INSERT INTO `communities` (`id`, `name`) VALUES ('27', 'suscipit');
INSERT INTO `communities` (`id`, `name`) VALUES ('68', 'tempora');
INSERT INTO `communities` (`id`, `name`) VALUES ('58', 'temporibus');
INSERT INTO `communities` (`id`, `name`) VALUES ('35', 'ut');
INSERT INTO `communities` (`id`, `name`) VALUES ('82', 'ut');
INSERT INTO `communities` (`id`, `name`) VALUES ('59', 'vel');
INSERT INTO `communities` (`id`, `name`) VALUES ('79', 'vel');
INSERT INTO `communities` (`id`, `name`) VALUES ('95', 'vel');
INSERT INTO `communities` (`id`, `name`) VALUES ('99', 'vel');
INSERT INTO `communities` (`id`, `name`) VALUES ('23', 'velit');
INSERT INTO `communities` (`id`, `name`) VALUES ('10', 'vero');
INSERT INTO `communities` (`id`, `name`) VALUES ('6', 'voluptas');
INSERT INTO `communities` (`id`, `name`) VALUES ('34', 'voluptas');
INSERT INTO `communities` (`id`, `name`) VALUES ('49', 'voluptas');
INSERT INTO `communities` (`id`, `name`) VALUES ('73', 'voluptas');
INSERT INTO `communities` (`id`, `name`) VALUES ('67', 'voluptate');
INSERT INTO `communities` (`id`, `name`) VALUES ('16', 'voluptatem');
INSERT INTO `communities` (`id`, `name`) VALUES ('54', 'voluptatem');
INSERT INTO `communities` (`id`, `name`) VALUES ('38', 'voluptatibus');
INSERT INTO `communities` (`id`, `name`) VALUES ('65', 'voluptatum');

DROP TABLE IF EXISTS users_communities;
CREATE TABLE users_communities(
	user_id BIGINT UNSIGNED NOT NULL,
	community_id BIGINT UNSIGNED NOT NULL,
  
	PRIMARY KEY (user_id, community_id), 
    FOREIGN KEY (user_id) REFERENCES users(id),
    FOREIGN KEY (community_id) REFERENCES communities(id)
);

INSERT INTO `users_communities` (`user_id`, `community_id`) VALUES ('1', '1');
INSERT INTO `users_communities` (`user_id`, `community_id`) VALUES ('2', '2');
INSERT INTO `users_communities` (`user_id`, `community_id`) VALUES ('3', '3');
INSERT INTO `users_communities` (`user_id`, `community_id`) VALUES ('4', '4');
INSERT INTO `users_communities` (`user_id`, `community_id`) VALUES ('5', '5');
INSERT INTO `users_communities` (`user_id`, `community_id`) VALUES ('6', '6');
INSERT INTO `users_communities` (`user_id`, `community_id`) VALUES ('7', '7');
INSERT INTO `users_communities` (`user_id`, `community_id`) VALUES ('8', '8');
INSERT INTO `users_communities` (`user_id`, `community_id`) VALUES ('9', '9');
INSERT INTO `users_communities` (`user_id`, `community_id`) VALUES ('10', '10');
INSERT INTO `users_communities` (`user_id`, `community_id`) VALUES ('11', '11');
INSERT INTO `users_communities` (`user_id`, `community_id`) VALUES ('12', '12');
INSERT INTO `users_communities` (`user_id`, `community_id`) VALUES ('13', '13');
INSERT INTO `users_communities` (`user_id`, `community_id`) VALUES ('14', '14');
INSERT INTO `users_communities` (`user_id`, `community_id`) VALUES ('15', '15');
INSERT INTO `users_communities` (`user_id`, `community_id`) VALUES ('16', '16');
INSERT INTO `users_communities` (`user_id`, `community_id`) VALUES ('17', '17');
INSERT INTO `users_communities` (`user_id`, `community_id`) VALUES ('18', '18');
INSERT INTO `users_communities` (`user_id`, `community_id`) VALUES ('19', '19');
INSERT INTO `users_communities` (`user_id`, `community_id`) VALUES ('20', '20');
INSERT INTO `users_communities` (`user_id`, `community_id`) VALUES ('21', '21');
INSERT INTO `users_communities` (`user_id`, `community_id`) VALUES ('22', '22');
INSERT INTO `users_communities` (`user_id`, `community_id`) VALUES ('23', '23');
INSERT INTO `users_communities` (`user_id`, `community_id`) VALUES ('24', '24');
INSERT INTO `users_communities` (`user_id`, `community_id`) VALUES ('25', '25');
INSERT INTO `users_communities` (`user_id`, `community_id`) VALUES ('26', '26');
INSERT INTO `users_communities` (`user_id`, `community_id`) VALUES ('27', '27');
INSERT INTO `users_communities` (`user_id`, `community_id`) VALUES ('28', '28');
INSERT INTO `users_communities` (`user_id`, `community_id`) VALUES ('29', '29');
INSERT INTO `users_communities` (`user_id`, `community_id`) VALUES ('30', '30');
INSERT INTO `users_communities` (`user_id`, `community_id`) VALUES ('31', '31');
INSERT INTO `users_communities` (`user_id`, `community_id`) VALUES ('32', '32');
INSERT INTO `users_communities` (`user_id`, `community_id`) VALUES ('33', '33');
INSERT INTO `users_communities` (`user_id`, `community_id`) VALUES ('34', '34');
INSERT INTO `users_communities` (`user_id`, `community_id`) VALUES ('35', '35');
INSERT INTO `users_communities` (`user_id`, `community_id`) VALUES ('36', '36');
INSERT INTO `users_communities` (`user_id`, `community_id`) VALUES ('37', '37');
INSERT INTO `users_communities` (`user_id`, `community_id`) VALUES ('38', '38');
INSERT INTO `users_communities` (`user_id`, `community_id`) VALUES ('39', '39');
INSERT INTO `users_communities` (`user_id`, `community_id`) VALUES ('40', '40');
INSERT INTO `users_communities` (`user_id`, `community_id`) VALUES ('41', '41');
INSERT INTO `users_communities` (`user_id`, `community_id`) VALUES ('42', '42');
INSERT INTO `users_communities` (`user_id`, `community_id`) VALUES ('43', '43');
INSERT INTO `users_communities` (`user_id`, `community_id`) VALUES ('44', '44');
INSERT INTO `users_communities` (`user_id`, `community_id`) VALUES ('45', '45');
INSERT INTO `users_communities` (`user_id`, `community_id`) VALUES ('46', '46');
INSERT INTO `users_communities` (`user_id`, `community_id`) VALUES ('47', '47');
INSERT INTO `users_communities` (`user_id`, `community_id`) VALUES ('48', '48');
INSERT INTO `users_communities` (`user_id`, `community_id`) VALUES ('49', '49');
INSERT INTO `users_communities` (`user_id`, `community_id`) VALUES ('50', '50');
INSERT INTO `users_communities` (`user_id`, `community_id`) VALUES ('51', '51');
INSERT INTO `users_communities` (`user_id`, `community_id`) VALUES ('52', '52');
INSERT INTO `users_communities` (`user_id`, `community_id`) VALUES ('53', '53');
INSERT INTO `users_communities` (`user_id`, `community_id`) VALUES ('54', '54');
INSERT INTO `users_communities` (`user_id`, `community_id`) VALUES ('55', '55');
INSERT INTO `users_communities` (`user_id`, `community_id`) VALUES ('56', '56');
INSERT INTO `users_communities` (`user_id`, `community_id`) VALUES ('57', '57');
INSERT INTO `users_communities` (`user_id`, `community_id`) VALUES ('58', '58');
INSERT INTO `users_communities` (`user_id`, `community_id`) VALUES ('59', '59');
INSERT INTO `users_communities` (`user_id`, `community_id`) VALUES ('60', '60');
INSERT INTO `users_communities` (`user_id`, `community_id`) VALUES ('61', '61');
INSERT INTO `users_communities` (`user_id`, `community_id`) VALUES ('62', '62');
INSERT INTO `users_communities` (`user_id`, `community_id`) VALUES ('63', '63');
INSERT INTO `users_communities` (`user_id`, `community_id`) VALUES ('64', '64');
INSERT INTO `users_communities` (`user_id`, `community_id`) VALUES ('65', '65');
INSERT INTO `users_communities` (`user_id`, `community_id`) VALUES ('66', '66');
INSERT INTO `users_communities` (`user_id`, `community_id`) VALUES ('67', '67');
INSERT INTO `users_communities` (`user_id`, `community_id`) VALUES ('68', '68');
INSERT INTO `users_communities` (`user_id`, `community_id`) VALUES ('69', '69');
INSERT INTO `users_communities` (`user_id`, `community_id`) VALUES ('70', '70');
INSERT INTO `users_communities` (`user_id`, `community_id`) VALUES ('71', '71');
INSERT INTO `users_communities` (`user_id`, `community_id`) VALUES ('72', '72');
INSERT INTO `users_communities` (`user_id`, `community_id`) VALUES ('73', '73');
INSERT INTO `users_communities` (`user_id`, `community_id`) VALUES ('74', '74');
INSERT INTO `users_communities` (`user_id`, `community_id`) VALUES ('75', '75');
INSERT INTO `users_communities` (`user_id`, `community_id`) VALUES ('76', '76');
INSERT INTO `users_communities` (`user_id`, `community_id`) VALUES ('77', '77');
INSERT INTO `users_communities` (`user_id`, `community_id`) VALUES ('78', '78');
INSERT INTO `users_communities` (`user_id`, `community_id`) VALUES ('79', '79');
INSERT INTO `users_communities` (`user_id`, `community_id`) VALUES ('80', '80');
INSERT INTO `users_communities` (`user_id`, `community_id`) VALUES ('81', '81');
INSERT INTO `users_communities` (`user_id`, `community_id`) VALUES ('82', '82');
INSERT INTO `users_communities` (`user_id`, `community_id`) VALUES ('83', '83');
INSERT INTO `users_communities` (`user_id`, `community_id`) VALUES ('84', '84');
INSERT INTO `users_communities` (`user_id`, `community_id`) VALUES ('85', '85');
INSERT INTO `users_communities` (`user_id`, `community_id`) VALUES ('86', '86');
INSERT INTO `users_communities` (`user_id`, `community_id`) VALUES ('87', '87');
INSERT INTO `users_communities` (`user_id`, `community_id`) VALUES ('88', '88');
INSERT INTO `users_communities` (`user_id`, `community_id`) VALUES ('89', '89');
INSERT INTO `users_communities` (`user_id`, `community_id`) VALUES ('90', '90');
INSERT INTO `users_communities` (`user_id`, `community_id`) VALUES ('91', '91');
INSERT INTO `users_communities` (`user_id`, `community_id`) VALUES ('92', '92');
INSERT INTO `users_communities` (`user_id`, `community_id`) VALUES ('93', '93');
INSERT INTO `users_communities` (`user_id`, `community_id`) VALUES ('94', '94');
INSERT INTO `users_communities` (`user_id`, `community_id`) VALUES ('95', '95');
INSERT INTO `users_communities` (`user_id`, `community_id`) VALUES ('96', '96');
INSERT INTO `users_communities` (`user_id`, `community_id`) VALUES ('97', '97');
INSERT INTO `users_communities` (`user_id`, `community_id`) VALUES ('98', '98');
INSERT INTO `users_communities` (`user_id`, `community_id`) VALUES ('99', '99');
INSERT INTO `users_communities` (`user_id`, `community_id`) VALUES ('100', '100');

DROP TABLE IF EXISTS media_types;
CREATE TABLE media_types(
	id SERIAL PRIMARY KEY,
    `name` VARCHAR(255),
    created_at DATETIME DEFAULT NOW(),
    updated_at DATETIME DEFAULT CURRENT_TIMESTAMP ON UPDATE CURRENT_TIMESTAMP
);

INSERT INTO `media_types` (`id`, `name`, `created_at`, `updated_at`) VALUES ('1', 'et', '2006-06-28 09:25:48', '1978-12-01 02:34:25');
INSERT INTO `media_types` (`id`, `name`, `created_at`, `updated_at`) VALUES ('2', 'vero', '2002-12-09 04:56:00', '2005-05-24 18:28:16');
INSERT INTO `media_types` (`id`, `name`, `created_at`, `updated_at`) VALUES ('3', 'sed', '1979-10-01 11:17:37', '2006-09-27 09:32:41');
INSERT INTO `media_types` (`id`, `name`, `created_at`, `updated_at`) VALUES ('4', 'ex', '1987-02-21 13:37:05', '1978-12-03 10:58:45');
INSERT INTO `media_types` (`id`, `name`, `created_at`, `updated_at`) VALUES ('5', 'aut', '2012-02-01 17:50:39', '2009-02-06 21:41:19');
INSERT INTO `media_types` (`id`, `name`, `created_at`, `updated_at`) VALUES ('6', 'et', '1983-04-25 01:56:20', '1997-11-04 00:43:35');
INSERT INTO `media_types` (`id`, `name`, `created_at`, `updated_at`) VALUES ('7', 'eos', '2009-09-25 03:14:12', '2010-08-01 11:12:55');
INSERT INTO `media_types` (`id`, `name`, `created_at`, `updated_at`) VALUES ('8', 'rerum', '2014-07-17 00:42:14', '2014-03-23 22:34:28');
INSERT INTO `media_types` (`id`, `name`, `created_at`, `updated_at`) VALUES ('9', 'nobis', '1995-04-15 03:24:17', '2013-03-25 13:33:50');
INSERT INTO `media_types` (`id`, `name`, `created_at`, `updated_at`) VALUES ('10', 'aperiam', '1970-12-06 19:58:01', '1980-02-05 01:51:23');
INSERT INTO `media_types` (`id`, `name`, `created_at`, `updated_at`) VALUES ('11', 'molestias', '1981-07-24 11:42:33', '2002-05-20 19:08:34');
INSERT INTO `media_types` (`id`, `name`, `created_at`, `updated_at`) VALUES ('12', 'sit', '2000-04-22 03:19:17', '1973-02-09 03:24:44');
INSERT INTO `media_types` (`id`, `name`, `created_at`, `updated_at`) VALUES ('13', 'a', '1995-06-10 04:54:30', '1997-09-02 15:38:27');
INSERT INTO `media_types` (`id`, `name`, `created_at`, `updated_at`) VALUES ('14', 'doloremque', '2006-09-08 01:32:30', '1981-06-03 11:07:55');
INSERT INTO `media_types` (`id`, `name`, `created_at`, `updated_at`) VALUES ('15', 'dolor', '1980-12-27 14:22:25', '1986-02-22 19:45:48');
INSERT INTO `media_types` (`id`, `name`, `created_at`, `updated_at`) VALUES ('16', 'non', '1990-04-13 04:53:57', '2014-03-07 05:07:15');
INSERT INTO `media_types` (`id`, `name`, `created_at`, `updated_at`) VALUES ('17', 'blanditiis', '1998-04-01 03:23:31', '1984-07-14 04:22:34');
INSERT INTO `media_types` (`id`, `name`, `created_at`, `updated_at`) VALUES ('18', 'iure', '2000-02-25 13:51:17', '1983-03-26 13:31:32');
INSERT INTO `media_types` (`id`, `name`, `created_at`, `updated_at`) VALUES ('19', 'perferendis', '1987-05-13 14:32:44', '2006-07-15 04:02:15');
INSERT INTO `media_types` (`id`, `name`, `created_at`, `updated_at`) VALUES ('20', 'molestiae', '1997-11-24 08:40:33', '1995-01-17 15:12:32');
INSERT INTO `media_types` (`id`, `name`, `created_at`, `updated_at`) VALUES ('21', 'id', '2017-10-01 20:34:13', '2000-05-03 12:51:43');
INSERT INTO `media_types` (`id`, `name`, `created_at`, `updated_at`) VALUES ('22', 'quis', '1993-06-06 13:18:27', '2015-11-01 03:31:45');
INSERT INTO `media_types` (`id`, `name`, `created_at`, `updated_at`) VALUES ('23', 'quas', '2014-02-14 20:21:23', '1994-04-23 21:40:00');
INSERT INTO `media_types` (`id`, `name`, `created_at`, `updated_at`) VALUES ('24', 'ea', '1986-12-05 03:22:59', '1991-06-06 08:23:04');
INSERT INTO `media_types` (`id`, `name`, `created_at`, `updated_at`) VALUES ('25', 'harum', '1978-10-10 22:51:08', '2011-08-16 18:21:06');
INSERT INTO `media_types` (`id`, `name`, `created_at`, `updated_at`) VALUES ('26', 'voluptatum', '2001-11-09 13:46:24', '2002-04-12 21:29:47');
INSERT INTO `media_types` (`id`, `name`, `created_at`, `updated_at`) VALUES ('27', 'suscipit', '1977-10-07 01:10:56', '1992-06-27 23:38:37');
INSERT INTO `media_types` (`id`, `name`, `created_at`, `updated_at`) VALUES ('28', 'corrupti', '2009-08-20 07:42:47', '1997-10-17 06:10:04');
INSERT INTO `media_types` (`id`, `name`, `created_at`, `updated_at`) VALUES ('29', 'consectetur', '1992-06-20 02:29:00', '1994-03-31 18:28:06');
INSERT INTO `media_types` (`id`, `name`, `created_at`, `updated_at`) VALUES ('30', 'nulla', '2001-08-08 01:09:56', '2005-07-01 10:36:16');
INSERT INTO `media_types` (`id`, `name`, `created_at`, `updated_at`) VALUES ('31', 'et', '1976-06-21 20:40:54', '1990-06-18 19:49:13');
INSERT INTO `media_types` (`id`, `name`, `created_at`, `updated_at`) VALUES ('32', 'omnis', '1970-03-07 22:26:41', '1972-07-06 10:49:00');
INSERT INTO `media_types` (`id`, `name`, `created_at`, `updated_at`) VALUES ('33', 'officiis', '2018-10-17 00:24:28', '1972-05-28 03:21:22');
INSERT INTO `media_types` (`id`, `name`, `created_at`, `updated_at`) VALUES ('34', 'nesciunt', '1985-04-12 01:12:04', '1997-04-02 04:23:24');
INSERT INTO `media_types` (`id`, `name`, `created_at`, `updated_at`) VALUES ('35', 'accusantium', '1980-06-22 11:47:52', '1989-05-27 00:00:02');
INSERT INTO `media_types` (`id`, `name`, `created_at`, `updated_at`) VALUES ('36', 'modi', '1995-01-01 17:32:04', '1987-02-22 15:44:10');
INSERT INTO `media_types` (`id`, `name`, `created_at`, `updated_at`) VALUES ('37', 'placeat', '2019-12-09 19:39:57', '2000-08-03 02:30:30');
INSERT INTO `media_types` (`id`, `name`, `created_at`, `updated_at`) VALUES ('38', 'nemo', '2019-12-29 05:37:12', '1977-10-28 20:22:37');
INSERT INTO `media_types` (`id`, `name`, `created_at`, `updated_at`) VALUES ('39', 'vel', '1977-05-06 15:41:06', '1984-07-19 21:25:57');
INSERT INTO `media_types` (`id`, `name`, `created_at`, `updated_at`) VALUES ('40', 'impedit', '2016-01-10 23:19:22', '1971-09-24 21:39:21');
INSERT INTO `media_types` (`id`, `name`, `created_at`, `updated_at`) VALUES ('41', 'quaerat', '2013-01-23 04:01:57', '2018-04-08 06:38:58');
INSERT INTO `media_types` (`id`, `name`, `created_at`, `updated_at`) VALUES ('42', 'hic', '1973-05-24 15:04:14', '1992-11-14 02:01:59');
INSERT INTO `media_types` (`id`, `name`, `created_at`, `updated_at`) VALUES ('43', 'velit', '1985-06-11 22:29:39', '1983-05-13 07:24:32');
INSERT INTO `media_types` (`id`, `name`, `created_at`, `updated_at`) VALUES ('44', 'aut', '1990-08-18 00:37:04', '1997-04-17 12:38:22');
INSERT INTO `media_types` (`id`, `name`, `created_at`, `updated_at`) VALUES ('45', 'cumque', '2011-03-07 07:04:16', '1970-01-16 10:52:35');
INSERT INTO `media_types` (`id`, `name`, `created_at`, `updated_at`) VALUES ('46', 'iste', '1993-06-30 01:53:01', '2002-06-06 23:59:41');
INSERT INTO `media_types` (`id`, `name`, `created_at`, `updated_at`) VALUES ('47', 'voluptatum', '1983-05-30 17:11:16', '1983-01-17 15:39:18');
INSERT INTO `media_types` (`id`, `name`, `created_at`, `updated_at`) VALUES ('48', 'voluptatem', '1973-01-02 20:44:49', '2010-06-22 17:58:20');
INSERT INTO `media_types` (`id`, `name`, `created_at`, `updated_at`) VALUES ('49', 'vitae', '1989-06-10 03:46:29', '1972-05-21 21:27:10');
INSERT INTO `media_types` (`id`, `name`, `created_at`, `updated_at`) VALUES ('50', 'perspiciatis', '1986-03-18 14:14:59', '1983-04-06 15:12:54');
INSERT INTO `media_types` (`id`, `name`, `created_at`, `updated_at`) VALUES ('51', 'repudiandae', '1983-10-28 02:17:35', '1984-04-20 19:06:08');
INSERT INTO `media_types` (`id`, `name`, `created_at`, `updated_at`) VALUES ('52', 'provident', '1994-02-10 13:57:05', '1978-03-21 21:01:32');
INSERT INTO `media_types` (`id`, `name`, `created_at`, `updated_at`) VALUES ('53', 'officia', '1980-02-08 12:52:09', '1997-04-19 16:57:36');
INSERT INTO `media_types` (`id`, `name`, `created_at`, `updated_at`) VALUES ('54', 'soluta', '2018-12-18 10:17:22', '1999-04-19 13:47:41');
INSERT INTO `media_types` (`id`, `name`, `created_at`, `updated_at`) VALUES ('55', 'eveniet', '2004-03-29 10:28:25', '2013-04-16 18:44:13');
INSERT INTO `media_types` (`id`, `name`, `created_at`, `updated_at`) VALUES ('56', 'itaque', '1973-05-14 13:24:28', '1970-08-28 18:18:19');
INSERT INTO `media_types` (`id`, `name`, `created_at`, `updated_at`) VALUES ('57', 'aliquid', '1973-07-10 04:59:08', '2006-12-02 01:01:07');
INSERT INTO `media_types` (`id`, `name`, `created_at`, `updated_at`) VALUES ('58', 'ut', '1972-06-03 00:12:09', '1990-10-28 04:29:30');
INSERT INTO `media_types` (`id`, `name`, `created_at`, `updated_at`) VALUES ('59', 'doloribus', '1991-05-14 17:11:08', '2008-04-08 03:58:06');
INSERT INTO `media_types` (`id`, `name`, `created_at`, `updated_at`) VALUES ('60', 'laborum', '1996-10-23 19:58:02', '1999-11-14 20:08:23');
INSERT INTO `media_types` (`id`, `name`, `created_at`, `updated_at`) VALUES ('61', 'nihil', '1974-08-26 16:49:26', '1970-04-18 07:40:23');
INSERT INTO `media_types` (`id`, `name`, `created_at`, `updated_at`) VALUES ('62', 'ab', '1972-08-06 00:43:37', '2010-11-07 14:09:08');
INSERT INTO `media_types` (`id`, `name`, `created_at`, `updated_at`) VALUES ('63', 'molestiae', '2016-07-15 23:14:32', '2018-09-16 15:05:25');
INSERT INTO `media_types` (`id`, `name`, `created_at`, `updated_at`) VALUES ('64', 'tenetur', '1972-10-11 22:43:17', '1996-09-19 19:54:10');
INSERT INTO `media_types` (`id`, `name`, `created_at`, `updated_at`) VALUES ('65', 'odio', '1979-01-10 07:08:15', '2018-12-09 03:54:03');
INSERT INTO `media_types` (`id`, `name`, `created_at`, `updated_at`) VALUES ('66', 'architecto', '2013-01-02 23:48:07', '2001-02-23 22:33:38');
INSERT INTO `media_types` (`id`, `name`, `created_at`, `updated_at`) VALUES ('67', 'enim', '1989-07-18 01:53:22', '1977-11-26 09:28:30');
INSERT INTO `media_types` (`id`, `name`, `created_at`, `updated_at`) VALUES ('68', 'quod', '2006-05-26 01:34:20', '2015-03-16 09:49:38');
INSERT INTO `media_types` (`id`, `name`, `created_at`, `updated_at`) VALUES ('69', 'blanditiis', '2010-06-23 00:22:27', '1984-06-03 23:12:31');
INSERT INTO `media_types` (`id`, `name`, `created_at`, `updated_at`) VALUES ('70', 'dolorem', '1998-06-16 21:59:57', '1981-08-30 11:07:44');
INSERT INTO `media_types` (`id`, `name`, `created_at`, `updated_at`) VALUES ('71', 'consequatur', '1997-06-21 18:10:55', '1983-04-09 03:29:14');
INSERT INTO `media_types` (`id`, `name`, `created_at`, `updated_at`) VALUES ('72', 'neque', '2010-09-30 14:12:49', '2014-07-16 06:27:42');
INSERT INTO `media_types` (`id`, `name`, `created_at`, `updated_at`) VALUES ('73', 'esse', '1983-02-09 13:58:39', '1974-01-04 12:38:09');
INSERT INTO `media_types` (`id`, `name`, `created_at`, `updated_at`) VALUES ('74', 'in', '2009-06-13 12:08:40', '1978-12-18 03:42:33');
INSERT INTO `media_types` (`id`, `name`, `created_at`, `updated_at`) VALUES ('75', 'voluptatem', '2018-05-01 15:45:04', '1987-11-13 10:32:23');
INSERT INTO `media_types` (`id`, `name`, `created_at`, `updated_at`) VALUES ('76', 'pariatur', '2014-07-22 11:16:58', '2018-07-30 15:17:00');
INSERT INTO `media_types` (`id`, `name`, `created_at`, `updated_at`) VALUES ('77', 'reprehenderit', '1984-05-03 12:23:51', '1988-11-09 16:06:18');
INSERT INTO `media_types` (`id`, `name`, `created_at`, `updated_at`) VALUES ('78', 'dignissimos', '1973-03-22 16:16:05', '2017-12-15 19:23:50');
INSERT INTO `media_types` (`id`, `name`, `created_at`, `updated_at`) VALUES ('79', 'delectus', '1981-04-15 09:19:50', '1990-02-04 07:48:35');
INSERT INTO `media_types` (`id`, `name`, `created_at`, `updated_at`) VALUES ('80', 'unde', '2019-09-14 20:54:26', '1977-10-12 18:07:36');
INSERT INTO `media_types` (`id`, `name`, `created_at`, `updated_at`) VALUES ('81', 'et', '1988-01-29 03:17:57', '2000-04-23 11:31:43');
INSERT INTO `media_types` (`id`, `name`, `created_at`, `updated_at`) VALUES ('82', 'quis', '1986-01-20 08:07:52', '1991-05-27 06:58:57');
INSERT INTO `media_types` (`id`, `name`, `created_at`, `updated_at`) VALUES ('83', 'tempore', '2000-08-26 07:38:52', '1974-11-14 15:15:35');
INSERT INTO `media_types` (`id`, `name`, `created_at`, `updated_at`) VALUES ('84', 'nihil', '2008-03-19 11:24:21', '2020-02-17 07:51:42');
INSERT INTO `media_types` (`id`, `name`, `created_at`, `updated_at`) VALUES ('85', 'amet', '1975-02-23 04:17:31', '1984-06-17 09:05:12');
INSERT INTO `media_types` (`id`, `name`, `created_at`, `updated_at`) VALUES ('86', 'adipisci', '2011-08-24 11:11:51', '2006-02-12 14:19:58');
INSERT INTO `media_types` (`id`, `name`, `created_at`, `updated_at`) VALUES ('87', 'repellendus', '2007-01-16 04:34:35', '2010-01-23 19:33:43');
INSERT INTO `media_types` (`id`, `name`, `created_at`, `updated_at`) VALUES ('88', 'ipsum', '1998-10-17 14:49:37', '1999-06-29 21:37:50');
INSERT INTO `media_types` (`id`, `name`, `created_at`, `updated_at`) VALUES ('89', 'in', '1980-10-01 19:23:38', '2000-03-06 12:01:27');
INSERT INTO `media_types` (`id`, `name`, `created_at`, `updated_at`) VALUES ('90', 'exercitationem', '2010-07-19 18:58:51', '2010-06-29 08:38:31');
INSERT INTO `media_types` (`id`, `name`, `created_at`, `updated_at`) VALUES ('91', 'corporis', '2009-07-04 01:32:58', '1976-05-04 21:47:55');
INSERT INTO `media_types` (`id`, `name`, `created_at`, `updated_at`) VALUES ('92', 'delectus', '1976-01-08 16:14:52', '2015-12-05 02:55:21');
INSERT INTO `media_types` (`id`, `name`, `created_at`, `updated_at`) VALUES ('93', 'in', '1997-08-27 20:29:44', '1981-02-07 04:35:32');
INSERT INTO `media_types` (`id`, `name`, `created_at`, `updated_at`) VALUES ('94', 'libero', '1987-05-26 08:07:04', '1994-04-18 13:42:29');
INSERT INTO `media_types` (`id`, `name`, `created_at`, `updated_at`) VALUES ('95', 'ea', '2013-09-17 15:40:03', '2017-07-30 20:12:15');
INSERT INTO `media_types` (`id`, `name`, `created_at`, `updated_at`) VALUES ('96', 'alias', '2019-11-05 07:55:20', '2018-09-13 08:23:21');
INSERT INTO `media_types` (`id`, `name`, `created_at`, `updated_at`) VALUES ('97', 'dicta', '1975-05-26 10:42:23', '1978-03-24 20:57:18');
INSERT INTO `media_types` (`id`, `name`, `created_at`, `updated_at`) VALUES ('98', 'aut', '2012-07-07 15:14:19', '1978-01-12 12:06:04');
INSERT INTO `media_types` (`id`, `name`, `created_at`, `updated_at`) VALUES ('99', 'nam', '1992-08-17 18:35:05', '1994-10-09 09:23:56');
INSERT INTO `media_types` (`id`, `name`, `created_at`, `updated_at`) VALUES ('100', 'illo', '1974-07-10 19:51:08', '2007-07-20 04:07:01');

DROP TABLE IF EXISTS media;
CREATE TABLE media(
	id SERIAL PRIMARY KEY,
    media_type_id BIGINT UNSIGNED NOT NULL,
    user_id BIGINT UNSIGNED NOT NULL,
  	body text,
    filename VARCHAR(255),
    size INT,
	metadata JSON,
    created_at DATETIME DEFAULT NOW(),
    updated_at DATETIME DEFAULT CURRENT_TIMESTAMP ON UPDATE CURRENT_TIMESTAMP,

    INDEX (user_id),
    FOREIGN KEY (user_id) REFERENCES users(id),
    FOREIGN KEY (media_type_id) REFERENCES media_types(id)
);

INSERT INTO `media` (`id`, `media_type_id`, `user_id`, `body`, `filename`, `size`, `metadata`, `created_at`, `updated_at`) VALUES ('1', '1', '1', 'Rem quia repellendus dolores. Repudiandae asperiores ipsum dolorem facilis officiis aspernatur ut. Eos dignissimos consectetur omnis totam aut aliquam autem. Sequi dolorem fugit aliquam laudantium unde.', 'corrupti', 6, NULL, '1975-05-26 23:41:17', '1981-05-11 21:24:22');
INSERT INTO `media` (`id`, `media_type_id`, `user_id`, `body`, `filename`, `size`, `metadata`, `created_at`, `updated_at`) VALUES ('2', '2', '2', 'Dolorem minima natus unde soluta dignissimos impedit. Omnis quo quo architecto enim aut vel eos molestias. Impedit earum velit quia.', 'dolore', 8, NULL, '2018-03-27 11:47:24', '1984-07-20 17:28:46');
INSERT INTO `media` (`id`, `media_type_id`, `user_id`, `body`, `filename`, `size`, `metadata`, `created_at`, `updated_at`) VALUES ('3', '3', '3', 'Id beatae ex beatae atque vero ipsa et. Omnis aut voluptatem deserunt neque omnis autem. Consectetur eaque facere temporibus excepturi magnam sit porro.', 'nostrum', 1518033, NULL, '1989-02-22 02:08:49', '1997-05-06 22:41:16');
INSERT INTO `media` (`id`, `media_type_id`, `user_id`, `body`, `filename`, `size`, `metadata`, `created_at`, `updated_at`) VALUES ('4', '4', '4', 'Voluptatem amet quam vel rerum modi facere incidunt. Est eos impedit corporis dolores aut quidem.', 'ea', 0, NULL, '2010-07-23 23:47:03', '1996-12-16 23:03:58');
INSERT INTO `media` (`id`, `media_type_id`, `user_id`, `body`, `filename`, `size`, `metadata`, `created_at`, `updated_at`) VALUES ('5', '5', '5', 'Dolorem sint est est nam iste ex. Labore aut tempore et in. Esse in laboriosam est unde ullam.', 'recusandae', 563, NULL, '1980-07-02 01:08:14', '1994-01-30 15:47:33');
INSERT INTO `media` (`id`, `media_type_id`, `user_id`, `body`, `filename`, `size`, `metadata`, `created_at`, `updated_at`) VALUES ('6', '6', '6', 'Sit qui veniam officia reiciendis ex dolor. Et doloremque recusandae repellat neque. Illo fugiat ut ipsa soluta veritatis veniam repellendus.', 'cum', 58115, NULL, '1992-05-14 11:30:27', '1976-02-05 08:31:24');
INSERT INTO `media` (`id`, `media_type_id`, `user_id`, `body`, `filename`, `size`, `metadata`, `created_at`, `updated_at`) VALUES ('7', '7', '7', 'Nulla adipisci quis atque itaque esse cum. Consectetur similique odio ut est quo dicta. Fuga est tenetur et inventore est. Sit consequatur magnam sint doloribus est.', 'doloribus', 162, NULL, '1995-01-11 15:45:33', '1984-10-21 20:50:12');
INSERT INTO `media` (`id`, `media_type_id`, `user_id`, `body`, `filename`, `size`, `metadata`, `created_at`, `updated_at`) VALUES ('8', '8', '8', 'Iusto hic in est aut eius quasi nihil. Quo quaerat mollitia nihil et nam autem deserunt nostrum. Placeat omnis fugit architecto at eos sit. Voluptas et autem ut dolore sit necessitatibus deleniti non.', 'fugiat', 3795, NULL, '1993-10-07 16:20:14', '2007-04-09 18:24:49');
INSERT INTO `media` (`id`, `media_type_id`, `user_id`, `body`, `filename`, `size`, `metadata`, `created_at`, `updated_at`) VALUES ('9', '9', '9', 'Reiciendis quo quia et qui maiores eos. Veniam minima porro excepturi necessitatibus excepturi sunt. Modi ea facilis minus quia dolor fuga repellat.', 'dolores', 229722, NULL, '1976-08-13 05:21:41', '1974-11-01 23:30:15');
INSERT INTO `media` (`id`, `media_type_id`, `user_id`, `body`, `filename`, `size`, `metadata`, `created_at`, `updated_at`) VALUES ('10', '10', '10', 'Vitae sint aut qui. Aut consequatur omnis et sed nihil.', 'aut', 9963, NULL, '2015-07-10 09:41:47', '2007-09-11 22:58:55');
INSERT INTO `media` (`id`, `media_type_id`, `user_id`, `body`, `filename`, `size`, `metadata`, `created_at`, `updated_at`) VALUES ('11', '11', '11', 'Autem ea veniam quis et animi ipsum est debitis. Reprehenderit debitis rerum maxime totam nihil illo. Excepturi esse quia dolorem ipsam odio tenetur ipsum. Nihil corrupti facilis ut eveniet magnam.', 'maiores', 799062, NULL, '2005-08-02 20:54:35', '1981-04-16 06:22:56');
INSERT INTO `media` (`id`, `media_type_id`, `user_id`, `body`, `filename`, `size`, `metadata`, `created_at`, `updated_at`) VALUES ('12', '12', '12', 'Voluptates officia tenetur eligendi doloribus. Officiis quia porro recusandae minima saepe veritatis minus.', 'ipsum', 22036, NULL, '1978-01-31 01:31:52', '2014-09-18 11:25:24');
INSERT INTO `media` (`id`, `media_type_id`, `user_id`, `body`, `filename`, `size`, `metadata`, `created_at`, `updated_at`) VALUES ('13', '13', '13', 'Eos rerum quas necessitatibus corporis expedita saepe. Eum autem quaerat explicabo minus similique facere sapiente omnis. Ut sunt expedita harum non aut.', 'qui', 180254735, NULL, '1994-09-04 01:24:18', '2004-12-26 12:21:48');
INSERT INTO `media` (`id`, `media_type_id`, `user_id`, `body`, `filename`, `size`, `metadata`, `created_at`, `updated_at`) VALUES ('14', '14', '14', 'Consequatur quis rerum architecto minima. Provident nihil debitis quod et. Aperiam unde quae quam repellat sint. Sunt modi in sint voluptas asperiores earum sequi. Quia beatae et dolores.', 'aliquid', 7350339, NULL, '1976-06-20 19:19:21', '1987-11-25 09:15:46');
INSERT INTO `media` (`id`, `media_type_id`, `user_id`, `body`, `filename`, `size`, `metadata`, `created_at`, `updated_at`) VALUES ('15', '15', '15', 'Cupiditate aut et a suscipit rerum amet. Dolores nesciunt accusamus voluptates impedit quis voluptas qui et.', 'provident', 27919257, NULL, '2000-07-16 07:20:52', '1993-01-22 13:34:37');
INSERT INTO `media` (`id`, `media_type_id`, `user_id`, `body`, `filename`, `size`, `metadata`, `created_at`, `updated_at`) VALUES ('16', '16', '16', 'Voluptatem ipsa et id explicabo eos iure in. Maxime nisi harum ipsa dolores. Eum quod ad et eos et. A voluptatem eos sequi dolores. Unde ratione nulla voluptatem velit voluptas eveniet quia veritatis.', 'fuga', 3, NULL, '2018-06-26 22:42:30', '2014-06-18 09:04:55');
INSERT INTO `media` (`id`, `media_type_id`, `user_id`, `body`, `filename`, `size`, `metadata`, `created_at`, `updated_at`) VALUES ('17', '17', '17', 'Fuga veritatis quasi similique quas maiores repudiandae consectetur. Nostrum reprehenderit quod accusantium consequatur tempora totam. Ut dolores voluptatem cum. Iusto dolorum quo quasi vel temporibus qui consequuntur.', 'et', 844, NULL, '2011-07-18 06:25:02', '1971-05-20 01:25:35');
INSERT INTO `media` (`id`, `media_type_id`, `user_id`, `body`, `filename`, `size`, `metadata`, `created_at`, `updated_at`) VALUES ('18', '18', '18', 'Odio enim architecto ab odio molestiae. Aut in assumenda veritatis est. Tempore ut ullam quo sunt eum voluptate. Ullam et aperiam ea quia est et veritatis.', 'nam', 979, NULL, '1971-03-01 17:04:47', '2007-02-02 15:32:10');
INSERT INTO `media` (`id`, `media_type_id`, `user_id`, `body`, `filename`, `size`, `metadata`, `created_at`, `updated_at`) VALUES ('19', '19', '19', 'Odio soluta aut eius pariatur non placeat. Ut aliquam accusamus similique consequuntur. Laborum qui hic aut qui sequi.', 'ea', 3, NULL, '1970-07-07 19:21:26', '1976-09-11 09:58:39');
INSERT INTO `media` (`id`, `media_type_id`, `user_id`, `body`, `filename`, `size`, `metadata`, `created_at`, `updated_at`) VALUES ('20', '20', '20', 'Et et suscipit repellat ratione nihil sit. Facilis praesentium fugiat natus molestiae consequuntur voluptatem. Est molestiae repudiandae dignissimos sequi fugit beatae sed.', 'odio', 0, NULL, '2010-02-28 02:39:01', '1995-11-10 16:39:03');
INSERT INTO `media` (`id`, `media_type_id`, `user_id`, `body`, `filename`, `size`, `metadata`, `created_at`, `updated_at`) VALUES ('21', '21', '21', 'Et quibusdam quas voluptatibus soluta natus. Officiis perferendis aliquam quia illo reiciendis. Ab sint libero non et amet et incidunt. Voluptatem distinctio ut est in est quis magni. Ea voluptatem molestiae libero reiciendis in.', 'est', 247, NULL, '1984-11-16 13:14:01', '2001-04-20 16:40:47');
INSERT INTO `media` (`id`, `media_type_id`, `user_id`, `body`, `filename`, `size`, `metadata`, `created_at`, `updated_at`) VALUES ('22', '22', '22', 'Rerum velit aperiam et ratione aut id dignissimos. A neque cumque dolor explicabo est sunt vitae. Laudantium reprehenderit tempora tempora ipsam eum nihil animi libero. Voluptatem et quae quia et eius.', 'in', 46473, NULL, '2006-02-18 21:57:38', '2004-01-26 06:22:27');
INSERT INTO `media` (`id`, `media_type_id`, `user_id`, `body`, `filename`, `size`, `metadata`, `created_at`, `updated_at`) VALUES ('23', '23', '23', 'Qui consequatur voluptatibus officiis ea quam perferendis pariatur. Tempore impedit sunt distinctio iusto sit.', 'nisi', 86, NULL, '1974-04-24 13:14:36', '1992-08-12 22:48:09');
INSERT INTO `media` (`id`, `media_type_id`, `user_id`, `body`, `filename`, `size`, `metadata`, `created_at`, `updated_at`) VALUES ('24', '24', '24', 'Sunt sed ut nihil cum incidunt vel debitis. Eius quia illo veritatis commodi architecto. Aperiam odio quia debitis amet. Est quia tenetur debitis ut animi quia. Nesciunt exercitationem odio aperiam minus.', 'aut', 20907236, NULL, '1971-06-27 17:21:43', '2014-12-24 04:20:41');
INSERT INTO `media` (`id`, `media_type_id`, `user_id`, `body`, `filename`, `size`, `metadata`, `created_at`, `updated_at`) VALUES ('25', '25', '25', 'Placeat quo et alias facere in alias. Reiciendis rerum et suscipit enim illum consequuntur quasi. Rerum quidem ut aut aut fugit eum ad.', 'ut', 0, NULL, '1978-08-05 10:19:58', '2018-09-18 10:08:21');
INSERT INTO `media` (`id`, `media_type_id`, `user_id`, `body`, `filename`, `size`, `metadata`, `created_at`, `updated_at`) VALUES ('26', '26', '26', 'Consequuntur eligendi sed voluptatum esse. Omnis quis provident nemo consequatur. Nobis illo aut error beatae. Asperiores quis quos distinctio ad.', 'id', 447783, NULL, '2010-06-08 02:52:20', '1999-01-27 09:27:32');
INSERT INTO `media` (`id`, `media_type_id`, `user_id`, `body`, `filename`, `size`, `metadata`, `created_at`, `updated_at`) VALUES ('27', '27', '27', 'Impedit modi quia adipisci fugit nemo quos repellat. Qui tenetur non blanditiis numquam aut. Consequatur voluptatem incidunt enim veritatis unde.', 'accusamus', 224701536, NULL, '2017-09-01 05:55:10', '2006-09-15 18:42:26');
INSERT INTO `media` (`id`, `media_type_id`, `user_id`, `body`, `filename`, `size`, `metadata`, `created_at`, `updated_at`) VALUES ('28', '28', '28', 'Enim placeat nemo similique non rerum. Expedita voluptates debitis itaque est aut. Nostrum quis et voluptatum voluptatem. Suscipit quo voluptas est vero aut architecto ut.', 'ipsum', 0, NULL, '1975-09-22 04:42:55', '2013-12-11 18:29:54');
INSERT INTO `media` (`id`, `media_type_id`, `user_id`, `body`, `filename`, `size`, `metadata`, `created_at`, `updated_at`) VALUES ('29', '29', '29', 'Vero harum voluptatem ipsa sit et vel aut. Cumque cumque voluptates aut. Aut soluta id doloremque quo.', 'rerum', 7733, NULL, '2007-12-12 15:03:53', '1995-09-24 04:01:25');
INSERT INTO `media` (`id`, `media_type_id`, `user_id`, `body`, `filename`, `size`, `metadata`, `created_at`, `updated_at`) VALUES ('30', '30', '30', 'Quibusdam aut rem sunt enim aut temporibus quam. Et odio quae sint omnis porro vero. Et exercitationem doloremque nesciunt itaque odit.', 'ut', 959, NULL, '1974-06-28 12:36:44', '1972-12-13 09:00:19');
INSERT INTO `media` (`id`, `media_type_id`, `user_id`, `body`, `filename`, `size`, `metadata`, `created_at`, `updated_at`) VALUES ('31', '31', '31', 'Impedit quibusdam reiciendis a repellat ut. At quia id vero impedit corrupti ipsam ad ut. Sint modi corporis ab omnis consequatur consectetur et.', 'sed', 21719, NULL, '2013-01-16 20:18:04', '1971-09-28 03:55:48');
INSERT INTO `media` (`id`, `media_type_id`, `user_id`, `body`, `filename`, `size`, `metadata`, `created_at`, `updated_at`) VALUES ('32', '32', '32', 'Qui ipsam dolores dolorum. Qui accusamus aliquam vero voluptatem consequuntur atque. Et et autem labore magni eos et sapiente. Ut dolorem mollitia at eaque laboriosam explicabo et tempora.', 'voluptas', 230, NULL, '2017-11-14 21:16:57', '2017-02-12 11:25:46');
INSERT INTO `media` (`id`, `media_type_id`, `user_id`, `body`, `filename`, `size`, `metadata`, `created_at`, `updated_at`) VALUES ('33', '33', '33', 'Ut non fugit facilis. Tenetur nulla cumque asperiores veniam et. Totam veniam omnis soluta laboriosam harum aliquid.', 'veritatis', 95, NULL, '1970-05-19 22:32:32', '1996-06-04 14:15:24');
INSERT INTO `media` (`id`, `media_type_id`, `user_id`, `body`, `filename`, `size`, `metadata`, `created_at`, `updated_at`) VALUES ('34', '34', '34', 'Laudantium deserunt necessitatibus vel qui. Omnis rerum tenetur debitis dolore minus. Fuga consequatur nisi et et porro ut qui quo. Iusto sit unde exercitationem molestiae qui vero nemo. Expedita et a non quis.', 'enim', 539, NULL, '2014-11-24 12:21:37', '1997-11-08 12:11:32');
INSERT INTO `media` (`id`, `media_type_id`, `user_id`, `body`, `filename`, `size`, `metadata`, `created_at`, `updated_at`) VALUES ('35', '35', '35', 'Quia illum architecto aliquid inventore ea distinctio dolor. Illo dolor nihil omnis praesentium eos beatae consectetur. Magnam architecto et quae dicta.', 'nulla', 5974037, NULL, '1978-08-28 14:59:06', '1986-04-24 05:46:20');
INSERT INTO `media` (`id`, `media_type_id`, `user_id`, `body`, `filename`, `size`, `metadata`, `created_at`, `updated_at`) VALUES ('36', '36', '36', 'Explicabo officia voluptatum est voluptatibus error veritatis facilis. Ratione est sed tempora minus ut harum. Pariatur ut maiores quis rem at.', 'possimus', 77512, NULL, '1977-02-25 05:49:19', '1973-01-28 00:35:39');
INSERT INTO `media` (`id`, `media_type_id`, `user_id`, `body`, `filename`, `size`, `metadata`, `created_at`, `updated_at`) VALUES ('37', '37', '37', 'Explicabo nemo tempore in dolore adipisci nobis voluptas provident. Laudantium ratione iste expedita. Suscipit quis quisquam quis sed necessitatibus.', 'ad', 469, NULL, '2019-01-04 10:15:24', '1982-12-07 01:46:26');
INSERT INTO `media` (`id`, `media_type_id`, `user_id`, `body`, `filename`, `size`, `metadata`, `created_at`, `updated_at`) VALUES ('38', '38', '38', 'Quasi distinctio quis id temporibus quisquam eaque sit. Eius cumque odit aliquid qui aspernatur quasi nostrum. Pariatur aut dolorem voluptate sit praesentium non quia.', 'ab', 36, NULL, '1976-01-13 00:18:13', '2006-01-08 04:01:58');
INSERT INTO `media` (`id`, `media_type_id`, `user_id`, `body`, `filename`, `size`, `metadata`, `created_at`, `updated_at`) VALUES ('39', '39', '39', 'Quia voluptatum cupiditate eius et totam quia. Dolor rerum nostrum voluptas optio et exercitationem. Facilis recusandae perspiciatis eos nam.', 'doloremque', 0, NULL, '1983-10-27 22:21:49', '1998-12-02 19:23:43');
INSERT INTO `media` (`id`, `media_type_id`, `user_id`, `body`, `filename`, `size`, `metadata`, `created_at`, `updated_at`) VALUES ('40', '40', '40', 'Pariatur nam aut et consequatur alias. Cumque corrupti atque sint voluptatibus eos voluptatem. Qui consequuntur exercitationem tempore qui ex voluptate doloribus quasi. Eveniet ea consequatur autem voluptates ducimus quibusdam quod.', 'dolorum', 3, NULL, '1980-09-19 20:56:20', '1992-06-30 22:43:05');
INSERT INTO `media` (`id`, `media_type_id`, `user_id`, `body`, `filename`, `size`, `metadata`, `created_at`, `updated_at`) VALUES ('41', '41', '41', 'Beatae non sint laborum nesciunt tempore facere. Nemo delectus vitae odit id accusantium optio voluptatibus. Repudiandae sed sunt assumenda veritatis rem. Qui accusantium quam cumque voluptatum neque nihil sequi.', 'perferendis', 94, NULL, '2004-12-11 11:41:53', '1982-06-06 19:23:29');
INSERT INTO `media` (`id`, `media_type_id`, `user_id`, `body`, `filename`, `size`, `metadata`, `created_at`, `updated_at`) VALUES ('42', '42', '42', 'Quaerat atque voluptas officiis voluptates. Aut expedita unde quo ut modi dolorem. Sint vel dicta officia dolor provident id sit. Sed sequi alias vel laudantium nam quia.', 'et', 33604, NULL, '2006-12-31 14:36:51', '1994-05-28 10:08:19');
INSERT INTO `media` (`id`, `media_type_id`, `user_id`, `body`, `filename`, `size`, `metadata`, `created_at`, `updated_at`) VALUES ('43', '43', '43', 'Cumque iste voluptas harum facilis aut iste est nulla. Quis neque nihil in assumenda tenetur. Eos cupiditate et quia est.', 'ipsum', 76139803, NULL, '1991-12-08 04:32:58', '1988-08-02 00:14:09');
INSERT INTO `media` (`id`, `media_type_id`, `user_id`, `body`, `filename`, `size`, `metadata`, `created_at`, `updated_at`) VALUES ('44', '44', '44', 'Aut laboriosam debitis provident nostrum libero delectus. Eius praesentium inventore corrupti illum assumenda iusto est. Iure culpa aperiam repellendus ipsam ea nesciunt.', 'quisquam', 87302457, NULL, '1994-10-12 17:09:14', '1978-09-30 18:37:27');
INSERT INTO `media` (`id`, `media_type_id`, `user_id`, `body`, `filename`, `size`, `metadata`, `created_at`, `updated_at`) VALUES ('45', '45', '45', 'Cum minus deserunt voluptas omnis eos explicabo. Reprehenderit est hic possimus ipsa magnam. Voluptas ab ab sed omnis.', 'ullam', 49080747, NULL, '1984-04-04 22:10:01', '2006-02-13 08:07:17');
INSERT INTO `media` (`id`, `media_type_id`, `user_id`, `body`, `filename`, `size`, `metadata`, `created_at`, `updated_at`) VALUES ('46', '46', '46', 'A aut ratione eos expedita corporis suscipit sequi. Ut accusamus vitae molestiae voluptatem in maiores enim. Dolorem amet earum quia est cumque.', 'quaerat', 82647288, NULL, '2001-03-22 18:14:36', '1972-06-09 12:28:43');
INSERT INTO `media` (`id`, `media_type_id`, `user_id`, `body`, `filename`, `size`, `metadata`, `created_at`, `updated_at`) VALUES ('47', '47', '47', 'Magni et dolores quae non culpa. Nemo unde ut non aut et commodi nesciunt. Vitae reiciendis rerum fugiat est voluptatem alias aut repellat. Iure atque unde rerum natus aliquid aspernatur soluta.', 'non', 595965285, NULL, '1974-10-09 05:31:44', '2010-02-06 10:41:11');
INSERT INTO `media` (`id`, `media_type_id`, `user_id`, `body`, `filename`, `size`, `metadata`, `created_at`, `updated_at`) VALUES ('48', '48', '48', 'Voluptatem qui ipsum in velit. Consectetur qui et consectetur maxime molestias sint. Molestias sed aut voluptas odit dolor illum. Recusandae autem et rerum tempore consequuntur. Sint voluptatem qui pariatur rerum.', 'non', 579220237, NULL, '1988-12-10 23:14:22', '2016-06-23 02:57:59');
INSERT INTO `media` (`id`, `media_type_id`, `user_id`, `body`, `filename`, `size`, `metadata`, `created_at`, `updated_at`) VALUES ('49', '49', '49', 'Ducimus odit officia velit alias eum delectus est. Voluptatem assumenda optio voluptatem molestias reiciendis. Enim maiores et vitae enim aut optio eos saepe. Quasi ipsa similique dolor et.', 'perferendis', 0, NULL, '1974-04-12 06:38:30', '2007-08-12 00:40:01');
INSERT INTO `media` (`id`, `media_type_id`, `user_id`, `body`, `filename`, `size`, `metadata`, `created_at`, `updated_at`) VALUES ('50', '50', '50', 'Voluptates aut modi sit minus alias rerum assumenda. Accusantium enim sequi velit et tenetur iure perferendis ut. Fuga corporis nisi ut deleniti. Quibusdam iste eius voluptas magnam asperiores.', 'architecto', 940148966, NULL, '2007-03-06 03:26:31', '2010-03-24 03:24:57');
INSERT INTO `media` (`id`, `media_type_id`, `user_id`, `body`, `filename`, `size`, `metadata`, `created_at`, `updated_at`) VALUES ('51', '51', '51', 'Nulla dolores et illo ea quis aut. Unde quisquam dolores esse magnam. Corporis dolorem nemo cum beatae quia.', 'fugit', 923777875, NULL, '1972-03-30 17:30:35', '2007-06-01 11:17:40');
INSERT INTO `media` (`id`, `media_type_id`, `user_id`, `body`, `filename`, `size`, `metadata`, `created_at`, `updated_at`) VALUES ('52', '52', '52', 'Commodi repellendus dolorem accusamus voluptas harum. Aut mollitia ex quidem facere voluptatibus culpa. Sit reprehenderit voluptatem nam quo veniam recusandae. Occaecati enim adipisci ad maxime iure beatae voluptatem.', 'quaerat', 98373917, NULL, '2006-11-20 06:06:29', '2001-04-29 14:56:50');
INSERT INTO `media` (`id`, `media_type_id`, `user_id`, `body`, `filename`, `size`, `metadata`, `created_at`, `updated_at`) VALUES ('53', '53', '53', 'Id tenetur voluptatibus quibusdam unde id officia ut temporibus. Amet sint eos impedit omnis placeat. Eaque et et odio enim architecto incidunt et.', 'necessitatibus', 97699507, NULL, '2012-10-30 14:52:17', '2013-08-11 05:28:06');
INSERT INTO `media` (`id`, `media_type_id`, `user_id`, `body`, `filename`, `size`, `metadata`, `created_at`, `updated_at`) VALUES ('54', '54', '54', 'Ipsum enim ducimus nobis. Repudiandae omnis dolore minus delectus voluptatem consequatur perspiciatis. Sapiente ut doloremque reprehenderit unde quaerat. Soluta numquam accusamus quas autem laudantium.', 'est', 610, NULL, '1998-12-14 11:34:47', '1985-08-26 07:54:32');
INSERT INTO `media` (`id`, `media_type_id`, `user_id`, `body`, `filename`, `size`, `metadata`, `created_at`, `updated_at`) VALUES ('55', '55', '55', 'Ut voluptate eos dolor dolorem accusamus dolore consequatur. Tenetur autem quo dolores aut maxime consequuntur. Qui dicta voluptatem voluptatem amet error. Quae ea neque dolorem necessitatibus consectetur ex molestias.', 'minima', 13292197, NULL, '2019-10-05 03:18:58', '2020-05-12 01:43:36');
INSERT INTO `media` (`id`, `media_type_id`, `user_id`, `body`, `filename`, `size`, `metadata`, `created_at`, `updated_at`) VALUES ('56', '56', '56', 'Iusto fugiat autem sequi in dolor sint aspernatur. Voluptas impedit ut est qui. Voluptates quaerat voluptatibus velit earum modi. Et voluptatem sunt mollitia et sit provident assumenda.', 'officia', 626716584, NULL, '1999-07-20 23:54:40', '1972-12-03 20:17:12');
INSERT INTO `media` (`id`, `media_type_id`, `user_id`, `body`, `filename`, `size`, `metadata`, `created_at`, `updated_at`) VALUES ('57', '57', '57', 'Velit earum adipisci quo eius id. Delectus autem ullam error suscipit enim. Voluptates et voluptates qui maxime. Reprehenderit et reiciendis quis minima velit libero animi.', 'distinctio', 9548119, NULL, '1992-09-04 07:24:35', '1999-11-15 22:46:48');
INSERT INTO `media` (`id`, `media_type_id`, `user_id`, `body`, `filename`, `size`, `metadata`, `created_at`, `updated_at`) VALUES ('58', '58', '58', 'Ut animi id et repellendus. Natus velit quis quo est iusto aut doloribus. Sint quaerat ea ea commodi aut perspiciatis pariatur tenetur. Animi possimus quia modi esse et nihil saepe.', 'illum', 9706, NULL, '1973-07-09 09:19:08', '1975-05-13 21:44:31');
INSERT INTO `media` (`id`, `media_type_id`, `user_id`, `body`, `filename`, `size`, `metadata`, `created_at`, `updated_at`) VALUES ('59', '59', '59', 'Voluptatum omnis sunt cupiditate occaecati harum. Voluptas optio modi quia enim dicta quia est. Nihil aut et illo.', 'deserunt', 267, NULL, '1997-08-06 23:28:04', '2017-03-05 10:07:20');
INSERT INTO `media` (`id`, `media_type_id`, `user_id`, `body`, `filename`, `size`, `metadata`, `created_at`, `updated_at`) VALUES ('60', '60', '60', 'Tenetur est illo dolore repellat voluptatum qui nulla. Ex quod possimus velit velit provident sunt. Dicta voluptatibus quos nihil voluptatibus voluptatem maxime sunt. Fuga et esse fuga qui.', 'at', 0, NULL, '1991-06-21 06:01:42', '1986-04-04 22:35:18');
INSERT INTO `media` (`id`, `media_type_id`, `user_id`, `body`, `filename`, `size`, `metadata`, `created_at`, `updated_at`) VALUES ('61', '61', '61', 'Eum nihil cupiditate accusantium non vel. Vero est eum laboriosam dolor. Maiores fugit tenetur ratione. Corrupti inventore quam ratione reprehenderit necessitatibus.', 'incidunt', 0, NULL, '2005-08-04 14:06:10', '1981-11-19 20:33:13');
INSERT INTO `media` (`id`, `media_type_id`, `user_id`, `body`, `filename`, `size`, `metadata`, `created_at`, `updated_at`) VALUES ('62', '62', '62', 'Voluptatem at tempora numquam qui aperiam nostrum enim ab. Ut amet optio enim perspiciatis placeat. Sit numquam ea dolor est sit rerum blanditiis.', 'hic', 6979477, NULL, '2017-01-06 22:31:26', '1971-07-28 12:50:35');
INSERT INTO `media` (`id`, `media_type_id`, `user_id`, `body`, `filename`, `size`, `metadata`, `created_at`, `updated_at`) VALUES ('63', '63', '63', 'Id commodi fugit numquam ullam enim. Rem placeat necessitatibus sint voluptatem provident consequatur et.', 'ea', 493546, NULL, '1980-06-24 10:40:56', '1991-02-03 08:52:57');
INSERT INTO `media` (`id`, `media_type_id`, `user_id`, `body`, `filename`, `size`, `metadata`, `created_at`, `updated_at`) VALUES ('64', '64', '64', 'Saepe omnis sapiente unde recusandae quia. Omnis voluptas in laborum et impedit. Tempora dicta expedita ut delectus aut cupiditate rerum.', 'corrupti', 726, NULL, '2014-04-25 20:32:49', '1991-10-27 02:46:55');
INSERT INTO `media` (`id`, `media_type_id`, `user_id`, `body`, `filename`, `size`, `metadata`, `created_at`, `updated_at`) VALUES ('65', '65', '65', 'Repellat reiciendis pariatur iste fugit velit et voluptas. Est non dolorum recusandae est laborum omnis omnis. Quaerat adipisci occaecati vitae necessitatibus natus.', 'ex', 27, NULL, '1993-01-17 11:38:45', '1985-10-12 13:46:34');
INSERT INTO `media` (`id`, `media_type_id`, `user_id`, `body`, `filename`, `size`, `metadata`, `created_at`, `updated_at`) VALUES ('66', '66', '66', 'Rem blanditiis cupiditate iste magni quis. Accusantium omnis id suscipit incidunt. Numquam eveniet et quis dicta vitae molestias eum. Enim et nemo minus eveniet consequuntur occaecati aut qui.', 'ex', 9549985, NULL, '1973-11-24 19:26:27', '1993-04-27 17:57:59');
INSERT INTO `media` (`id`, `media_type_id`, `user_id`, `body`, `filename`, `size`, `metadata`, `created_at`, `updated_at`) VALUES ('67', '67', '67', 'Aut deleniti voluptas expedita molestiae cumque ut. Sed omnis maiores temporibus. Magni occaecati provident consectetur sunt consequuntur exercitationem. Dignissimos dolores commodi similique.', 'et', 472754799, NULL, '2018-11-06 04:25:40', '2016-02-27 20:41:27');
INSERT INTO `media` (`id`, `media_type_id`, `user_id`, `body`, `filename`, `size`, `metadata`, `created_at`, `updated_at`) VALUES ('68', '68', '68', 'Laborum in ullam animi laudantium minus. Beatae quis tempore impedit velit velit.', 'dolore', 9275746, NULL, '1973-12-20 00:28:42', '1981-11-14 02:11:00');
INSERT INTO `media` (`id`, `media_type_id`, `user_id`, `body`, `filename`, `size`, `metadata`, `created_at`, `updated_at`) VALUES ('69', '69', '69', 'Voluptate dicta blanditiis provident non ducimus quod dolor. Corrupti quam ut temporibus iure autem. Qui quam itaque ea distinctio culpa iste. Enim quod delectus at nam consequatur.', 'eligendi', 7860, NULL, '2015-03-27 08:01:55', '1988-12-08 19:59:36');
INSERT INTO `media` (`id`, `media_type_id`, `user_id`, `body`, `filename`, `size`, `metadata`, `created_at`, `updated_at`) VALUES ('70', '70', '70', 'Facere quia quod expedita. Recusandae ut est fugit ducimus. Ut sint ut eius sunt. Culpa neque ea fuga.', 'odio', 1, NULL, '2000-12-25 09:09:40', '2011-05-23 04:06:40');
INSERT INTO `media` (`id`, `media_type_id`, `user_id`, `body`, `filename`, `size`, `metadata`, `created_at`, `updated_at`) VALUES ('71', '71', '71', 'Vel iure aliquam expedita. Soluta ut quis magni natus neque blanditiis ut. Autem dicta reprehenderit placeat minima. Repellat sunt suscipit et architecto ullam architecto sed quia.', 'quia', 0, NULL, '2008-10-05 23:08:16', '1981-02-08 09:43:52');
INSERT INTO `media` (`id`, `media_type_id`, `user_id`, `body`, `filename`, `size`, `metadata`, `created_at`, `updated_at`) VALUES ('72', '72', '72', 'Minus ut accusamus eveniet. Laborum voluptatibus ut quaerat esse. Ut temporibus numquam inventore sed voluptatem itaque.', 'non', 0, NULL, '2008-09-20 10:25:22', '2001-01-03 15:30:26');
INSERT INTO `media` (`id`, `media_type_id`, `user_id`, `body`, `filename`, `size`, `metadata`, `created_at`, `updated_at`) VALUES ('73', '73', '73', 'Earum voluptate esse commodi et. Omnis voluptas dolores veniam veniam rerum ut eaque. Quam officia deleniti omnis rerum doloribus molestiae beatae. Aut esse delectus et eum.', 'impedit', 3411890, NULL, '1984-08-13 21:16:46', '1975-02-10 09:44:34');
INSERT INTO `media` (`id`, `media_type_id`, `user_id`, `body`, `filename`, `size`, `metadata`, `created_at`, `updated_at`) VALUES ('74', '74', '74', 'Quas error soluta omnis quam quam. Aut aliquid sed molestiae quibusdam necessitatibus quod. Dolor nemo sunt officiis. Aut ea beatae nam qui nesciunt atque. Molestiae eum necessitatibus quia ullam.', 'sed', 28932305, NULL, '2018-01-28 16:24:58', '1993-10-11 07:41:27');
INSERT INTO `media` (`id`, `media_type_id`, `user_id`, `body`, `filename`, `size`, `metadata`, `created_at`, `updated_at`) VALUES ('75', '75', '75', 'Alias quaerat voluptas saepe. Praesentium optio ipsum est amet. Non sunt architecto sint. Pariatur quibusdam distinctio est architecto necessitatibus. Fugiat saepe sequi doloribus sed eveniet quaerat.', 'vitae', 76, NULL, '1989-03-10 13:49:34', '2010-04-25 14:53:54');
INSERT INTO `media` (`id`, `media_type_id`, `user_id`, `body`, `filename`, `size`, `metadata`, `created_at`, `updated_at`) VALUES ('76', '76', '76', 'Recusandae similique molestias quia quia. Tempora aut cupiditate et id similique debitis fugiat. Et eos incidunt voluptates quaerat. Porro veritatis quia non ab labore voluptas. Natus minima similique beatae est voluptatibus facilis debitis.', 'esse', 0, NULL, '1971-02-10 10:14:49', '2012-04-14 10:09:58');
INSERT INTO `media` (`id`, `media_type_id`, `user_id`, `body`, `filename`, `size`, `metadata`, `created_at`, `updated_at`) VALUES ('77', '77', '77', 'Dignissimos consequatur in dolorem error recusandae. Quo est alias maiores iure a nisi aliquam. Reiciendis in accusantium inventore molestiae. Voluptate dignissimos dolorum quod sunt.', 'assumenda', 19336896, NULL, '1992-06-20 06:39:05', '1988-05-30 02:06:43');
INSERT INTO `media` (`id`, `media_type_id`, `user_id`, `body`, `filename`, `size`, `metadata`, `created_at`, `updated_at`) VALUES ('78', '78', '78', 'Voluptate ipsam eum consectetur corrupti assumenda porro sit. Rerum blanditiis consequuntur voluptatibus. Qui aut quia saepe unde voluptas qui.', 'ea', 16, NULL, '1986-03-21 11:34:27', '2005-08-18 06:16:09');
INSERT INTO `media` (`id`, `media_type_id`, `user_id`, `body`, `filename`, `size`, `metadata`, `created_at`, `updated_at`) VALUES ('79', '79', '79', 'Expedita delectus sit vitae commodi. Modi animi aut praesentium placeat illum. Omnis iusto voluptatem earum.', 'velit', 150038724, NULL, '1982-03-22 15:22:55', '2019-07-14 02:03:47');
INSERT INTO `media` (`id`, `media_type_id`, `user_id`, `body`, `filename`, `size`, `metadata`, `created_at`, `updated_at`) VALUES ('80', '80', '80', 'Rerum ullam reiciendis sunt commodi. Qui est ut neque quidem est molestiae. Officiis quo ipsam quia ullam dolor cupiditate. Amet facere numquam est quidem quo eligendi.', 'rem', 381535092, NULL, '1978-04-16 13:12:46', '2011-10-12 21:28:54');
INSERT INTO `media` (`id`, `media_type_id`, `user_id`, `body`, `filename`, `size`, `metadata`, `created_at`, `updated_at`) VALUES ('81', '81', '81', 'Consequatur consequatur facere quis ut quae accusamus. Consectetur nostrum corporis tempore voluptate possimus fugit. Ipsa molestias dicta qui reiciendis. Totam eos voluptatem voluptatem aut qui et corporis sit.', 'velit', 13, NULL, '2009-07-07 15:50:28', '1971-10-15 00:41:52');
INSERT INTO `media` (`id`, `media_type_id`, `user_id`, `body`, `filename`, `size`, `metadata`, `created_at`, `updated_at`) VALUES ('82', '82', '82', 'Aut exercitationem velit molestiae doloremque. Blanditiis quo maiores et qui quisquam doloribus rerum. Totam voluptatem impedit natus repellendus sequi deleniti. Aut odit a occaecati earum.', 'aspernatur', 648397, NULL, '1974-09-26 14:44:29', '1987-08-21 21:47:11');
INSERT INTO `media` (`id`, `media_type_id`, `user_id`, `body`, `filename`, `size`, `metadata`, `created_at`, `updated_at`) VALUES ('83', '83', '83', 'Et unde rerum laboriosam. Beatae ut maxime repudiandae corporis molestias earum ullam. Repellat culpa pariatur rem voluptatum.', 'deleniti', 4, NULL, '2000-07-31 03:41:11', '1987-07-25 06:55:23');
INSERT INTO `media` (`id`, `media_type_id`, `user_id`, `body`, `filename`, `size`, `metadata`, `created_at`, `updated_at`) VALUES ('84', '84', '84', 'Quo aut ullam omnis tempora. Occaecati ducimus voluptas minus laudantium dolores est veniam. Deleniti consectetur omnis ducimus ratione.', 'corporis', 347, NULL, '2016-11-05 17:23:12', '2005-09-30 21:58:32');
INSERT INTO `media` (`id`, `media_type_id`, `user_id`, `body`, `filename`, `size`, `metadata`, `created_at`, `updated_at`) VALUES ('85', '85', '85', 'Quia et molestiae praesentium voluptate reiciendis hic. Voluptatem dicta accusamus laborum. Voluptatum dolores porro pariatur qui molestiae.', 'sunt', 737, NULL, '1974-06-16 02:35:50', '2014-03-06 01:38:39');
INSERT INTO `media` (`id`, `media_type_id`, `user_id`, `body`, `filename`, `size`, `metadata`, `created_at`, `updated_at`) VALUES ('86', '86', '86', 'Et nemo debitis est enim illo est tenetur. Est atque molestias consequatur consequuntur alias qui suscipit ratione. Totam sit quas asperiores et optio id et sit. Dolorem vero voluptatem deleniti voluptatem nostrum.', 'et', 0, NULL, '1975-09-12 03:20:07', '1999-01-10 23:44:40');
INSERT INTO `media` (`id`, `media_type_id`, `user_id`, `body`, `filename`, `size`, `metadata`, `created_at`, `updated_at`) VALUES ('87', '87', '87', 'Dignissimos laborum provident magni aperiam. Non id voluptatum quia porro laudantium id.', 'voluptas', 0, NULL, '2004-12-19 23:13:52', '2002-04-09 04:07:02');
INSERT INTO `media` (`id`, `media_type_id`, `user_id`, `body`, `filename`, `size`, `metadata`, `created_at`, `updated_at`) VALUES ('88', '88', '88', 'Reiciendis et repellat adipisci. Atque autem tempora molestiae asperiores eos. Deserunt sapiente ipsam ea ab qui itaque aperiam.', 'ipsam', 77261602, NULL, '1982-09-27 14:02:59', '1972-10-31 00:49:36');
INSERT INTO `media` (`id`, `media_type_id`, `user_id`, `body`, `filename`, `size`, `metadata`, `created_at`, `updated_at`) VALUES ('89', '89', '89', 'Id accusantium necessitatibus ut laborum officiis accusamus delectus. Ipsum odio quam minus pariatur fugiat ut. Id harum ullam quia.', 'velit', 469889, NULL, '2006-04-26 20:51:05', '2016-08-29 05:38:44');
INSERT INTO `media` (`id`, `media_type_id`, `user_id`, `body`, `filename`, `size`, `metadata`, `created_at`, `updated_at`) VALUES ('90', '90', '90', 'Nihil aliquam optio quo ut sed. Doloribus quis eaque et consequatur et est. Non similique in consequuntur tempora dolores. Accusamus et nihil temporibus ea est et sint non.', 'nihil', 22782677, NULL, '2011-12-19 19:04:58', '1987-06-02 18:57:57');
INSERT INTO `media` (`id`, `media_type_id`, `user_id`, `body`, `filename`, `size`, `metadata`, `created_at`, `updated_at`) VALUES ('91', '91', '91', 'Dicta repudiandae illum sunt illum nulla. Ut impedit nesciunt accusantium molestias veritatis et. Aut maiores aut consequuntur voluptatem ipsum facilis. Perferendis sapiente similique repellat molestiae quia odit qui.', 'pariatur', 352, NULL, '1995-03-22 10:12:01', '2015-11-12 11:04:25');
INSERT INTO `media` (`id`, `media_type_id`, `user_id`, `body`, `filename`, `size`, `metadata`, `created_at`, `updated_at`) VALUES ('92', '92', '92', 'Nisi aut omnis tempore id aut. Deleniti aliquid autem ut natus vitae pariatur. Eum natus aut ad et aut. Occaecati ab omnis nisi quis optio.', 'perferendis', 581, NULL, '2014-04-25 04:57:53', '1976-07-15 16:40:58');
INSERT INTO `media` (`id`, `media_type_id`, `user_id`, `body`, `filename`, `size`, `metadata`, `created_at`, `updated_at`) VALUES ('93', '93', '93', 'Qui minus officiis consequuntur aut autem animi tenetur. Suscipit voluptatum sunt in eveniet voluptas. Tempora in incidunt eaque vel.', 'iure', 69, NULL, '1988-04-08 03:07:23', '2011-08-29 15:47:44');
INSERT INTO `media` (`id`, `media_type_id`, `user_id`, `body`, `filename`, `size`, `metadata`, `created_at`, `updated_at`) VALUES ('94', '94', '94', 'Ad tempora eaque voluptas et et doloremque. Ratione accusantium id recusandae amet a sequi. Laboriosam reprehenderit necessitatibus autem sit delectus quasi reprehenderit. Et unde illo consequatur autem et quod quo.', 'fugit', 105957294, NULL, '1989-02-19 15:11:05', '2006-09-21 09:48:18');
INSERT INTO `media` (`id`, `media_type_id`, `user_id`, `body`, `filename`, `size`, `metadata`, `created_at`, `updated_at`) VALUES ('95', '95', '95', 'Ipsam consequatur velit dicta voluptate sapiente nobis nesciunt. Porro culpa consequatur similique ut ratione voluptatum. Sint impedit qui asperiores rerum. Officiis quo et consectetur vel voluptatem consequatur.', 'voluptatem', 48007656, NULL, '1980-05-16 17:35:22', '1986-05-29 18:21:41');
INSERT INTO `media` (`id`, `media_type_id`, `user_id`, `body`, `filename`, `size`, `metadata`, `created_at`, `updated_at`) VALUES ('96', '96', '96', 'Et similique magni minus qui quo officiis velit occaecati. Inventore quia et illo quos. Qui veniam ut atque blanditiis molestiae eos rerum. Culpa occaecati eum quia adipisci eaque.', 'laboriosam', 74426, NULL, '1987-12-07 03:40:51', '1990-06-29 08:25:20');
INSERT INTO `media` (`id`, `media_type_id`, `user_id`, `body`, `filename`, `size`, `metadata`, `created_at`, `updated_at`) VALUES ('97', '97', '97', 'Omnis eum quisquam minima ipsum dolorem. Similique dignissimos et doloremque aperiam eos blanditiis asperiores ea. Est maiores repudiandae voluptas veritatis aperiam non. Non enim eos eos autem eos repellendus est.', 'voluptatum', 0, NULL, '2015-01-23 01:51:03', '2005-11-01 06:07:37');
INSERT INTO `media` (`id`, `media_type_id`, `user_id`, `body`, `filename`, `size`, `metadata`, `created_at`, `updated_at`) VALUES ('98', '98', '98', 'Eius quia deleniti maxime illo. Dolorem est velit fuga voluptatem velit. Magni nam animi omnis autem quas id.', 'veritatis', 67474, NULL, '2005-02-15 08:03:29', '1970-04-24 20:33:42');
INSERT INTO `media` (`id`, `media_type_id`, `user_id`, `body`, `filename`, `size`, `metadata`, `created_at`, `updated_at`) VALUES ('99', '99', '99', 'Porro odit culpa aspernatur quae ut repudiandae. Hic tenetur voluptas nemo ipsum officiis. Ea voluptatem distinctio dolores ab voluptas modi. Vero ea tenetur ut deleniti dolorem quos sed.', 'omnis', 264503, NULL, '2013-10-06 03:40:04', '1971-02-09 05:50:22');
INSERT INTO `media` (`id`, `media_type_id`, `user_id`, `body`, `filename`, `size`, `metadata`, `created_at`, `updated_at`) VALUES ('100', '100', '100', 'Aut facilis ut consequatur repudiandae sunt. Sit totam dolor et. Repellendus in molestias voluptas.', 'voluptate', 0, NULL, '1995-09-03 18:54:00', '2012-04-19 20:29:40');

DROP TABLE IF EXISTS posts;
CREATE TABLE posts(
	id SERIAL PRIMARY KEY,
    user_id BIGINT UNSIGNED NOT NULL,
  	body text,
    filename VARCHAR(255),
    size INT,
	metadata JSON,
    created_at DATETIME DEFAULT NOW(),
    updated_at DATETIME DEFAULT CURRENT_TIMESTAMP ON UPDATE CURRENT_TIMESTAMP,

    INDEX (user_id),
    foreign key (user_id) references users(id)
);

INSERT INTO `posts` (`id`, `user_id`, `body`, `filename`, `size`, `metadata`, `created_at`, `updated_at`) VALUES ('1', '1', 'Et at cupiditate et ea sit eos. Nostrum commodi in ut ipsam quod eaque. Omnis recusandae repellendus ipsam nesciunt quam ut sit. Et aspernatur cupiditate voluptates.', 'repudiandae', 24548, NULL, '1982-02-21 09:52:42', '2007-01-30 20:48:15');
INSERT INTO `posts` (`id`, `user_id`, `body`, `filename`, `size`, `metadata`, `created_at`, `updated_at`) VALUES ('2', '2', 'Nisi dolores atque iusto. Magni delectus eligendi eos. Ipsa optio ab qui nemo quidem. Dolorem et ullam fugiat.', 'saepe', 115, NULL, '2010-05-06 21:01:02', '1998-08-02 20:43:26');
INSERT INTO `posts` (`id`, `user_id`, `body`, `filename`, `size`, `metadata`, `created_at`, `updated_at`) VALUES ('3', '3', 'Minima unde molestiae sit accusantium enim laudantium blanditiis omnis. Ipsum deleniti unde officia voluptatem vero sed et. Numquam voluptate ad tempora alias ipsam autem. Harum numquam explicabo sed similique ut ab.', 'et', 23, NULL, '1996-07-03 17:47:45', '2018-07-21 01:24:49');
INSERT INTO `posts` (`id`, `user_id`, `body`, `filename`, `size`, `metadata`, `created_at`, `updated_at`) VALUES ('4', '4', 'Illum nostrum aut ipsum delectus nulla. Delectus eius vitae rerum natus porro.', 'omnis', 91949, NULL, '2018-09-12 17:21:55', '2019-07-25 07:37:57');
INSERT INTO `posts` (`id`, `user_id`, `body`, `filename`, `size`, `metadata`, `created_at`, `updated_at`) VALUES ('5', '5', 'Nihil et id et suscipit dolores dolorum dignissimos. Aliquid qui voluptas ut tenetur. In nihil ut est dolorem velit beatae.', 'in', 5058, NULL, '2007-04-17 13:49:08', '2011-12-27 12:39:30');
INSERT INTO `posts` (`id`, `user_id`, `body`, `filename`, `size`, `metadata`, `created_at`, `updated_at`) VALUES ('6', '6', 'Aut recusandae quis aut et quia. Est optio maiores aut in. Tempora aut ullam in. Quas rerum autem magni et.', 'voluptatum', 0, NULL, '1977-06-04 11:11:23', '1981-11-11 12:51:20');
INSERT INTO `posts` (`id`, `user_id`, `body`, `filename`, `size`, `metadata`, `created_at`, `updated_at`) VALUES ('7', '7', 'Nihil et quia repellendus ut et maxime. Ullam est sunt harum vero tempore. Possimus aut molestiae omnis perspiciatis dicta totam et. Fugiat temporibus quas velit repellendus.', 'quis', 9426339, NULL, '2008-02-19 14:26:56', '1976-09-16 16:29:44');
INSERT INTO `posts` (`id`, `user_id`, `body`, `filename`, `size`, `metadata`, `created_at`, `updated_at`) VALUES ('8', '8', 'Qui consectetur est amet. Qui vel iusto corrupti unde distinctio tempore voluptatem vel.', 'quaerat', 93, NULL, '2011-06-14 08:50:28', '1987-07-01 16:14:18');
INSERT INTO `posts` (`id`, `user_id`, `body`, `filename`, `size`, `metadata`, `created_at`, `updated_at`) VALUES ('9', '9', 'Sint fuga ut earum. Laboriosam quaerat cum laudantium aliquid eum aliquam explicabo.', 'eos', 19, NULL, '1993-10-19 23:01:52', '1978-07-30 15:47:08');
INSERT INTO `posts` (`id`, `user_id`, `body`, `filename`, `size`, `metadata`, `created_at`, `updated_at`) VALUES ('10', '10', 'Et eos est sed nostrum. Et voluptas pariatur sequi repellendus eum odio illum.', 'accusantium', 70986, NULL, '1998-08-25 20:30:02', '2017-06-15 05:06:11');
INSERT INTO `posts` (`id`, `user_id`, `body`, `filename`, `size`, `metadata`, `created_at`, `updated_at`) VALUES ('11', '11', 'Omnis ab quidem sit voluptatem hic impedit. Temporibus sit impedit ut et repellendus in sed. Voluptate qui qui veniam voluptas quod.', 'fugit', 776904, NULL, '1986-10-07 06:37:05', '1999-07-02 03:11:23');
INSERT INTO `posts` (`id`, `user_id`, `body`, `filename`, `size`, `metadata`, `created_at`, `updated_at`) VALUES ('12', '12', 'Nulla saepe et et soluta iusto occaecati. In dignissimos aperiam porro quibusdam. Repudiandae perspiciatis est quasi qui facere.', 'sapiente', 53970157, NULL, '1986-05-27 10:47:28', '1998-06-08 01:05:31');
INSERT INTO `posts` (`id`, `user_id`, `body`, `filename`, `size`, `metadata`, `created_at`, `updated_at`) VALUES ('13', '13', 'Velit voluptas ipsa animi tempore numquam sequi aperiam. Deserunt nulla odio qui. Ea qui quod porro qui at doloremque.', 'est', 939982868, NULL, '1998-04-01 00:43:15', '1980-06-13 22:19:20');
INSERT INTO `posts` (`id`, `user_id`, `body`, `filename`, `size`, `metadata`, `created_at`, `updated_at`) VALUES ('14', '14', 'Possimus maiores tempore deserunt minus sit labore animi est. Occaecati ut accusantium in ipsam qui. Hic voluptatem eius maiores impedit dolor. Qui repudiandae exercitationem iste facere quisquam error.', 'delectus', 147292, NULL, '1980-05-05 18:36:07', '1986-06-22 03:51:33');
INSERT INTO `posts` (`id`, `user_id`, `body`, `filename`, `size`, `metadata`, `created_at`, `updated_at`) VALUES ('15', '15', 'Similique quia reiciendis est est explicabo laborum. Officiis dolor esse id reiciendis consequatur qui. Quo rem vel reiciendis quo facilis. Maiores ea eligendi quibusdam eaque.', 'nam', 7958424, NULL, '2002-08-14 01:23:04', '1987-09-21 04:07:35');
INSERT INTO `posts` (`id`, `user_id`, `body`, `filename`, `size`, `metadata`, `created_at`, `updated_at`) VALUES ('16', '16', 'Aut iure mollitia consectetur unde modi. Consequatur in deserunt quam sint. Et sunt et omnis provident omnis vel.', 'voluptatem', 9, NULL, '1982-07-15 05:20:48', '1984-04-16 06:19:01');
INSERT INTO `posts` (`id`, `user_id`, `body`, `filename`, `size`, `metadata`, `created_at`, `updated_at`) VALUES ('17', '17', 'Et sed aut ex reiciendis architecto et blanditiis impedit. Quis fugiat corrupti est dolorem dolorem architecto. Qui minima asperiores dolore quia. Commodi quod sed expedita.', 'fuga', 104, NULL, '1993-10-25 19:54:52', '1971-02-11 18:47:09');
INSERT INTO `posts` (`id`, `user_id`, `body`, `filename`, `size`, `metadata`, `created_at`, `updated_at`) VALUES ('18', '18', 'Aut sequi consequuntur beatae odio quae. Assumenda et impedit expedita sapiente. Dolor eveniet eum iure. Maxime aut quam sed iusto animi sint. Quia non perspiciatis ex atque ut.', 'est', 191, NULL, '2013-11-20 05:11:21', '1988-12-05 20:54:24');
INSERT INTO `posts` (`id`, `user_id`, `body`, `filename`, `size`, `metadata`, `created_at`, `updated_at`) VALUES ('19', '19', 'Autem voluptas praesentium molestiae aut aspernatur corrupti. Voluptas et eaque error a. Eum esse perferendis perferendis similique rem debitis. Similique beatae quisquam error quos iusto cumque alias provident.', 'eligendi', 5, NULL, '1997-10-17 00:37:32', '1998-09-15 12:56:59');
INSERT INTO `posts` (`id`, `user_id`, `body`, `filename`, `size`, `metadata`, `created_at`, `updated_at`) VALUES ('20', '20', 'Est eaque commodi saepe unde. Quis nam deserunt aut consequatur asperiores explicabo. Nobis recusandae repudiandae consequuntur sint quia sequi magnam dolor. Provident minus maxime recusandae tenetur eos.', 'sit', 259596, NULL, '2015-08-23 15:52:03', '1973-02-06 22:31:37');
INSERT INTO `posts` (`id`, `user_id`, `body`, `filename`, `size`, `metadata`, `created_at`, `updated_at`) VALUES ('21', '21', 'Minima itaque aut voluptatem nihil eligendi. Doloribus sit eum laborum sed. Natus quis quo vitae quo unde corporis. Est quam quod tempora laboriosam ea consequatur accusantium. Sit illum dolores voluptatem qui.', 'non', 85692, NULL, '1982-09-09 20:56:54', '1997-07-01 21:12:49');
INSERT INTO `posts` (`id`, `user_id`, `body`, `filename`, `size`, `metadata`, `created_at`, `updated_at`) VALUES ('22', '22', 'Sit nam tenetur iusto. Suscipit nemo facilis libero et voluptate. Debitis hic dolor porro. Enim ipsum dolorem dolor beatae error fugit non.', 'eius', 8, NULL, '2015-07-08 07:07:13', '1984-03-17 07:59:05');
INSERT INTO `posts` (`id`, `user_id`, `body`, `filename`, `size`, `metadata`, `created_at`, `updated_at`) VALUES ('23', '23', 'Molestias qui mollitia facilis sed quo quo. Ut nostrum totam ducimus. Qui odio non harum at odit quibusdam vel. Et inventore minima omnis aliquam enim sunt.', 'veritatis', 753601, NULL, '2019-01-15 06:31:06', '2006-06-19 00:59:39');
INSERT INTO `posts` (`id`, `user_id`, `body`, `filename`, `size`, `metadata`, `created_at`, `updated_at`) VALUES ('24', '24', 'Odio nam et alias voluptas quis. Voluptatem sunt porro eaque et.', 'dolorum', 9850, NULL, '1998-01-22 15:09:57', '1990-09-30 22:12:31');
INSERT INTO `posts` (`id`, `user_id`, `body`, `filename`, `size`, `metadata`, `created_at`, `updated_at`) VALUES ('25', '25', 'Rerum perferendis omnis dolorem qui. Hic qui vero necessitatibus rem. Et est reiciendis est voluptatem. Non sed voluptates at quis eligendi.', 'error', 718759252, NULL, '2003-10-21 11:48:30', '2000-11-18 19:47:50');
INSERT INTO `posts` (`id`, `user_id`, `body`, `filename`, `size`, `metadata`, `created_at`, `updated_at`) VALUES ('26', '26', 'Possimus adipisci odio sed numquam. Impedit ut rerum at rerum nulla. Error eum eius minima nihil.', 'eum', 6897328, NULL, '1977-09-16 06:45:50', '2004-11-10 06:55:38');
INSERT INTO `posts` (`id`, `user_id`, `body`, `filename`, `size`, `metadata`, `created_at`, `updated_at`) VALUES ('27', '27', 'Quia veritatis praesentium optio dolores sit eligendi. Quia neque praesentium dolores. Consequatur repellendus aut necessitatibus nam.', 'porro', 41, NULL, '1973-07-13 23:25:45', '1985-09-09 00:41:43');
INSERT INTO `posts` (`id`, `user_id`, `body`, `filename`, `size`, `metadata`, `created_at`, `updated_at`) VALUES ('28', '28', 'Ut consequatur in facere enim qui fugiat voluptate. Vel non molestiae fuga atque sapiente. Voluptates et doloremque perspiciatis. Quisquam quisquam nam aut enim recusandae nulla doloribus.', 'eos', 866, NULL, '2019-01-21 03:53:22', '1988-05-27 04:52:27');
INSERT INTO `posts` (`id`, `user_id`, `body`, `filename`, `size`, `metadata`, `created_at`, `updated_at`) VALUES ('29', '29', 'Corporis tempore et ex sed perferendis et eveniet. Cumque pariatur ut laudantium debitis. Veritatis nostrum enim libero laboriosam at eligendi incidunt.', 'iure', 965991, NULL, '1971-03-28 05:03:00', '1994-06-04 17:05:19');
INSERT INTO `posts` (`id`, `user_id`, `body`, `filename`, `size`, `metadata`, `created_at`, `updated_at`) VALUES ('30', '30', 'Occaecati ex molestiae qui amet dolores amet veniam. Consequatur dolores inventore velit cumque.', 'et', 957, NULL, '2011-11-24 14:31:23', '2013-12-22 06:06:39');
INSERT INTO `posts` (`id`, `user_id`, `body`, `filename`, `size`, `metadata`, `created_at`, `updated_at`) VALUES ('31', '31', 'Placeat ipsa quibusdam vero doloremque excepturi omnis id. Velit id distinctio perspiciatis minus. Quia officia aut dolorem officia impedit. Dignissimos voluptatem beatae dignissimos aut illo quas id.', 'sequi', 6418217, NULL, '1993-09-03 16:26:37', '1985-01-21 23:37:20');
INSERT INTO `posts` (`id`, `user_id`, `body`, `filename`, `size`, `metadata`, `created_at`, `updated_at`) VALUES ('32', '32', 'Velit quaerat aut et. Sint dignissimos quia voluptas ea.', 'ut', 9124707, NULL, '1994-02-19 03:47:47', '2018-08-11 08:39:03');
INSERT INTO `posts` (`id`, `user_id`, `body`, `filename`, `size`, `metadata`, `created_at`, `updated_at`) VALUES ('33', '33', 'Porro vel ut molestiae necessitatibus at quam. Cupiditate et deserunt quod facilis nemo repudiandae. Placeat odio voluptatem corrupti asperiores ipsa quo doloremque. Quia ex sit expedita.', 'hic', 6, NULL, '1975-11-18 12:39:37', '1985-05-03 14:48:30');
INSERT INTO `posts` (`id`, `user_id`, `body`, `filename`, `size`, `metadata`, `created_at`, `updated_at`) VALUES ('34', '34', 'Itaque dignissimos suscipit quos in. Atque ut in aspernatur sit sit. Corrupti quam sed veritatis in.', 'rerum', 6, NULL, '2012-07-08 21:44:22', '1975-04-22 12:06:10');
INSERT INTO `posts` (`id`, `user_id`, `body`, `filename`, `size`, `metadata`, `created_at`, `updated_at`) VALUES ('35', '35', 'Voluptas temporibus rerum aperiam illo culpa consectetur. Corporis placeat expedita eligendi nam expedita eos. Commodi accusamus eos aperiam quo nisi blanditiis qui. Omnis temporibus perspiciatis nemo reprehenderit quia possimus.', 'aut', 962, NULL, '1982-07-16 22:17:23', '1999-01-09 17:43:35');
INSERT INTO `posts` (`id`, `user_id`, `body`, `filename`, `size`, `metadata`, `created_at`, `updated_at`) VALUES ('36', '36', 'Voluptate atque sed porro soluta optio neque et. A perspiciatis et corporis. Illum quod provident voluptatum et cumque sit cumque.', 'molestiae', 9885534, NULL, '2004-12-30 06:59:25', '2014-10-18 17:41:42');
INSERT INTO `posts` (`id`, `user_id`, `body`, `filename`, `size`, `metadata`, `created_at`, `updated_at`) VALUES ('37', '37', 'Fuga sequi aut rerum eaque. Repellendus dolore dolor beatae consectetur. Distinctio aperiam et dolorem sit.', 'praesentium', 148187, NULL, '1996-06-15 17:26:18', '1973-06-29 12:20:52');
INSERT INTO `posts` (`id`, `user_id`, `body`, `filename`, `size`, `metadata`, `created_at`, `updated_at`) VALUES ('38', '38', 'Magni molestiae id dolore veniam. Veritatis iure ipsa laudantium nesciunt. Minus temporibus explicabo animi magni quidem distinctio. Qui laudantium incidunt autem accusamus qui.', 'est', 734768, NULL, '1973-08-14 21:45:38', '1991-08-07 17:49:39');
INSERT INTO `posts` (`id`, `user_id`, `body`, `filename`, `size`, `metadata`, `created_at`, `updated_at`) VALUES ('39', '39', 'Nesciunt est autem dolorem occaecati voluptas ipsum dolores. Nam voluptatem ut qui ut. Quia ullam rerum quia quia nisi nesciunt maxime. Est voluptatum error error.', 'nobis', 0, NULL, '2015-08-11 00:37:42', '1994-01-31 09:27:02');
INSERT INTO `posts` (`id`, `user_id`, `body`, `filename`, `size`, `metadata`, `created_at`, `updated_at`) VALUES ('40', '40', 'Delectus aut necessitatibus et eaque voluptas minus rem explicabo. Qui ut qui culpa. Pariatur quisquam est sequi quas in. Atque laudantium veniam aut.', 'quia', 65735041, NULL, '2010-10-24 01:14:26', '1999-04-22 10:41:40');
INSERT INTO `posts` (`id`, `user_id`, `body`, `filename`, `size`, `metadata`, `created_at`, `updated_at`) VALUES ('41', '41', 'Atque corporis beatae ipsam recusandae odio dolor. Nemo quo assumenda aspernatur reprehenderit. Facere error excepturi aperiam aut qui eaque similique.', 'doloribus', 293443819, NULL, '1998-06-08 05:15:55', '2006-06-02 00:17:22');
INSERT INTO `posts` (`id`, `user_id`, `body`, `filename`, `size`, `metadata`, `created_at`, `updated_at`) VALUES ('42', '42', 'Ducimus nulla qui autem iste sit id aut cum. A deserunt totam vel a. Quia dolore et veritatis ipsum. Aliquid quo facere assumenda beatae.', 'nesciunt', 95, NULL, '1973-10-03 12:42:34', '2011-09-04 02:46:18');
INSERT INTO `posts` (`id`, `user_id`, `body`, `filename`, `size`, `metadata`, `created_at`, `updated_at`) VALUES ('43', '43', 'Quod sed nam quis deserunt eaque. Ad voluptates harum corporis. Molestias ut ipsa doloremque ut cum rem. Ut ratione magni id amet corporis commodi animi.', 'optio', 118603446, NULL, '2009-11-23 17:59:26', '1991-06-05 21:31:49');
INSERT INTO `posts` (`id`, `user_id`, `body`, `filename`, `size`, `metadata`, `created_at`, `updated_at`) VALUES ('44', '44', 'Tenetur et est enim ut. Est quidem ea laboriosam laboriosam et. Minima excepturi voluptas optio veritatis. Quibusdam corporis corporis eveniet qui praesentium placeat.', 'quia', 0, NULL, '1979-10-04 00:08:11', '1990-08-14 09:20:05');
INSERT INTO `posts` (`id`, `user_id`, `body`, `filename`, `size`, `metadata`, `created_at`, `updated_at`) VALUES ('45', '45', 'Voluptates rem officiis minima vitae porro itaque deleniti. Sapiente ducimus deserunt in nam ut aliquam natus omnis. Libero animi reiciendis omnis et quo. Autem placeat perspiciatis placeat molestias. Atque dolorem sit voluptatem delectus expedita.', 'temporibus', 25452, NULL, '2017-04-29 06:16:36', '1973-07-30 01:01:37');
INSERT INTO `posts` (`id`, `user_id`, `body`, `filename`, `size`, `metadata`, `created_at`, `updated_at`) VALUES ('46', '46', 'Tempore voluptas officiis et ratione. Ut laborum id quibusdam et vitae beatae. Velit commodi aspernatur eos odio.', 'harum', 69129704, NULL, '1996-09-10 22:17:02', '1989-05-28 09:44:09');
INSERT INTO `posts` (`id`, `user_id`, `body`, `filename`, `size`, `metadata`, `created_at`, `updated_at`) VALUES ('47', '47', 'Placeat aut illum totam animi fuga sapiente. Quis similique error vero molestiae beatae. Mollitia ut sapiente non voluptatibus rerum est.', 'expedita', 8, NULL, '1985-02-01 17:55:29', '1974-09-19 08:59:31');
INSERT INTO `posts` (`id`, `user_id`, `body`, `filename`, `size`, `metadata`, `created_at`, `updated_at`) VALUES ('48', '48', 'Et sunt quo rem nam quae nostrum. Est fuga nobis ullam perspiciatis. Voluptas facilis labore dolor autem iure voluptas tempora.', 'ea', 8686, NULL, '2008-06-05 10:56:18', '1980-03-16 06:16:23');
INSERT INTO `posts` (`id`, `user_id`, `body`, `filename`, `size`, `metadata`, `created_at`, `updated_at`) VALUES ('49', '49', 'Eligendi velit voluptatibus voluptatem ut beatae ut dolor. Sapiente voluptate distinctio cum. Sequi deleniti dolore quisquam repellat voluptatem et id quibusdam. Eos vel fugit accusamus sed sint.', 'voluptatem', 376712739, NULL, '2013-10-06 00:15:44', '2018-07-31 06:58:06');
INSERT INTO `posts` (`id`, `user_id`, `body`, `filename`, `size`, `metadata`, `created_at`, `updated_at`) VALUES ('50', '50', 'Qui ut ut aliquam exercitationem dolores quia adipisci. Aperiam alias quo eligendi ratione. Consequuntur sapiente expedita nihil rerum. Sapiente saepe dolorum ducimus neque doloribus ut deserunt.', 'velit', 46, NULL, '2004-03-21 03:16:54', '2006-01-22 11:52:30');
INSERT INTO `posts` (`id`, `user_id`, `body`, `filename`, `size`, `metadata`, `created_at`, `updated_at`) VALUES ('51', '51', 'Et fugiat voluptas tenetur dolorem. Excepturi consequatur dolore tempore aliquid sequi unde. Et natus rem ipsam est.', 'voluptates', 8, NULL, '1976-07-14 17:19:58', '1987-04-27 18:46:01');
INSERT INTO `posts` (`id`, `user_id`, `body`, `filename`, `size`, `metadata`, `created_at`, `updated_at`) VALUES ('52', '52', 'Velit ad laboriosam ut tempore enim. Quis tenetur odio sed qui aut. Hic aut minus mollitia adipisci rerum dolores rem.', 'quia', 4176846, NULL, '1980-06-04 22:29:57', '2000-01-16 14:40:48');
INSERT INTO `posts` (`id`, `user_id`, `body`, `filename`, `size`, `metadata`, `created_at`, `updated_at`) VALUES ('53', '53', 'Similique cumque reiciendis voluptates natus voluptatem accusantium. Aspernatur voluptatem temporibus nisi qui qui. Aut aspernatur quia dolore libero ea eos cum. Voluptatem et a et.', 'asperiores', 4796867, NULL, '2005-02-12 04:02:24', '2011-08-09 03:53:48');
INSERT INTO `posts` (`id`, `user_id`, `body`, `filename`, `size`, `metadata`, `created_at`, `updated_at`) VALUES ('54', '54', 'Omnis in voluptates non omnis consectetur. Qui autem sit similique expedita. Ipsum deleniti laborum et aliquid nulla voluptatem quae. Omnis provident fuga assumenda nihil cum maxime quibusdam.', 'voluptatum', 8228566, NULL, '2019-11-17 02:15:39', '1983-05-20 16:38:01');
INSERT INTO `posts` (`id`, `user_id`, `body`, `filename`, `size`, `metadata`, `created_at`, `updated_at`) VALUES ('55', '55', 'Neque velit provident incidunt aliquid quo. Minus quidem necessitatibus atque quibusdam veritatis vitae laudantium. Cumque quia fugiat ea optio quia id quia.', 'omnis', 5041948, NULL, '1985-09-07 21:46:04', '2009-07-02 15:41:18');
INSERT INTO `posts` (`id`, `user_id`, `body`, `filename`, `size`, `metadata`, `created_at`, `updated_at`) VALUES ('56', '56', 'Quaerat eos aut debitis quo excepturi quasi quam tenetur. Id illum et neque tempore. Odit maxime consequatur eius velit. Accusamus explicabo ratione ut ducimus modi sed.', 'aut', 9042, NULL, '2017-05-20 05:08:56', '2019-04-18 07:47:27');
INSERT INTO `posts` (`id`, `user_id`, `body`, `filename`, `size`, `metadata`, `created_at`, `updated_at`) VALUES ('57', '57', 'Architecto dolores cumque omnis laboriosam. Dolores odio vel enim quam. Optio est voluptatem iure.', 'porro', 800160055, NULL, '1974-12-21 17:46:10', '1973-01-12 17:58:35');
INSERT INTO `posts` (`id`, `user_id`, `body`, `filename`, `size`, `metadata`, `created_at`, `updated_at`) VALUES ('58', '58', 'Deleniti veniam accusantium qui neque hic id. Ut dignissimos quia minima non at. Id inventore unde corporis et.', 'veritatis', 9, NULL, '2015-05-01 10:58:54', '1975-09-17 12:43:51');
INSERT INTO `posts` (`id`, `user_id`, `body`, `filename`, `size`, `metadata`, `created_at`, `updated_at`) VALUES ('59', '59', 'Tempore eligendi deserunt et nam sint. Numquam aliquam harum quos minus sed.', 'et', 54865875, NULL, '2012-05-18 18:02:13', '1971-04-04 01:16:28');
INSERT INTO `posts` (`id`, `user_id`, `body`, `filename`, `size`, `metadata`, `created_at`, `updated_at`) VALUES ('60', '60', 'Sit ducimus odit doloribus natus earum numquam. Tenetur excepturi corrupti doloremque maiores sapiente quia. Vitae consequatur aliquid atque eos animi ab. Porro incidunt aut accusantium cupiditate nisi fuga.', 'rerum', 2, NULL, '1979-08-24 20:46:03', '1986-11-11 19:42:23');
INSERT INTO `posts` (`id`, `user_id`, `body`, `filename`, `size`, `metadata`, `created_at`, `updated_at`) VALUES ('61', '61', 'Facilis dolores quia velit et. Nisi explicabo laborum nam a illum officia. Optio odit consequatur distinctio possimus in.', 'eligendi', 49, NULL, '2017-08-18 20:58:31', '2005-02-04 22:55:20');
INSERT INTO `posts` (`id`, `user_id`, `body`, `filename`, `size`, `metadata`, `created_at`, `updated_at`) VALUES ('62', '62', 'Quasi nobis dolores vitae rem consectetur nihil deserunt. Illo voluptatem soluta consequatur animi et. Debitis quia eveniet vel distinctio sunt eveniet.', 'distinctio', 38666, NULL, '1983-07-01 09:17:32', '2020-02-17 12:31:07');
INSERT INTO `posts` (`id`, `user_id`, `body`, `filename`, `size`, `metadata`, `created_at`, `updated_at`) VALUES ('63', '63', 'Et voluptatem placeat quis. Aut autem pariatur deserunt expedita natus incidunt ea. Unde aut non expedita vel voluptatem. Facere et ea molestias placeat illo voluptas recusandae.', 'voluptatibus', 1396, NULL, '1996-04-05 01:48:50', '2017-08-10 18:15:09');
INSERT INTO `posts` (`id`, `user_id`, `body`, `filename`, `size`, `metadata`, `created_at`, `updated_at`) VALUES ('64', '64', 'Inventore rerum illo non id tempore excepturi illum. Deserunt quos cum et error. Aut et blanditiis amet molestias eum iste.', 'quisquam', 6, NULL, '1992-10-27 18:54:37', '1989-05-01 04:06:18');
INSERT INTO `posts` (`id`, `user_id`, `body`, `filename`, `size`, `metadata`, `created_at`, `updated_at`) VALUES ('65', '65', 'Et aut est ut modi inventore. Aut alias ad voluptas aperiam. Voluptas ad laudantium sit vel atque aut. Ea qui sunt omnis voluptatibus quae. Autem mollitia accusamus odio non in.', 'saepe', 6482067, NULL, '1986-06-28 13:34:32', '1973-02-19 22:45:15');
INSERT INTO `posts` (`id`, `user_id`, `body`, `filename`, `size`, `metadata`, `created_at`, `updated_at`) VALUES ('66', '66', 'Doloremque dolorum omnis omnis officia ut. Et voluptatum quibusdam in voluptatem. Temporibus et deserunt quos porro sit accusamus blanditiis blanditiis. Repellendus recusandae et nemo voluptatem dolores vero qui. Corrupti nihil eum est veniam.', 'consequuntur', 0, NULL, '1978-01-09 03:19:18', '1970-10-22 21:13:02');
INSERT INTO `posts` (`id`, `user_id`, `body`, `filename`, `size`, `metadata`, `created_at`, `updated_at`) VALUES ('67', '67', 'Accusamus similique nisi et voluptates perspiciatis maxime. Tenetur dolorem est perspiciatis illum aliquid. Aliquid quam voluptates repellendus voluptas. Minus blanditiis error aliquid dolor maiores.', 'earum', 422, NULL, '1978-08-27 10:21:02', '2008-08-25 06:41:32');
INSERT INTO `posts` (`id`, `user_id`, `body`, `filename`, `size`, `metadata`, `created_at`, `updated_at`) VALUES ('68', '68', 'Qui omnis facilis deleniti saepe dolores ea. Exercitationem inventore nemo porro sed ea sint nisi.', 'delectus', 39038118, NULL, '2011-11-08 12:28:34', '2003-03-29 09:49:36');
INSERT INTO `posts` (`id`, `user_id`, `body`, `filename`, `size`, `metadata`, `created_at`, `updated_at`) VALUES ('69', '69', 'Id ducimus libero veritatis autem est. Et dignissimos architecto ipsa quod unde. Occaecati et eligendi nulla suscipit possimus doloremque voluptas. Odit dignissimos velit sint incidunt et ea.', 'ab', 2787910, NULL, '2009-08-28 13:28:16', '1974-11-16 09:15:35');
INSERT INTO `posts` (`id`, `user_id`, `body`, `filename`, `size`, `metadata`, `created_at`, `updated_at`) VALUES ('70', '70', 'Inventore temporibus aut quos. Aut accusantium veritatis veritatis. Sint qui impedit ut sapiente omnis.', 'eaque', 27641, NULL, '2008-09-17 18:01:38', '1979-09-10 21:13:53');
INSERT INTO `posts` (`id`, `user_id`, `body`, `filename`, `size`, `metadata`, `created_at`, `updated_at`) VALUES ('71', '71', 'Molestias a quisquam nulla fugiat magnam laboriosam. Qui nesciunt aperiam incidunt et rem tempora autem porro. Nisi ut a inventore accusamus ut laboriosam ullam. Id architecto aut ullam sequi.', 'ea', 75, NULL, '1970-02-28 19:46:44', '1994-09-08 05:54:48');
INSERT INTO `posts` (`id`, `user_id`, `body`, `filename`, `size`, `metadata`, `created_at`, `updated_at`) VALUES ('72', '72', 'Eum iure commodi asperiores in error in nesciunt. Quia quia reiciendis nisi qui ipsam.', 'mollitia', 0, NULL, '2018-11-27 06:25:59', '1972-11-06 02:31:16');
INSERT INTO `posts` (`id`, `user_id`, `body`, `filename`, `size`, `metadata`, `created_at`, `updated_at`) VALUES ('73', '73', 'Mollitia consequatur labore alias ut sint. Ut iste facere molestiae sint eos non aut occaecati.', 'animi', 8, NULL, '1980-01-02 20:52:37', '1979-09-16 22:10:47');
INSERT INTO `posts` (`id`, `user_id`, `body`, `filename`, `size`, `metadata`, `created_at`, `updated_at`) VALUES ('74', '74', 'Est odit rerum quaerat aliquid quidem ut. Excepturi eveniet aut ut et molestias excepturi. Eaque sint labore corporis exercitationem temporibus mollitia eum.', 'repellat', 7573364, NULL, '2014-10-26 18:47:42', '1974-07-03 22:36:00');
INSERT INTO `posts` (`id`, `user_id`, `body`, `filename`, `size`, `metadata`, `created_at`, `updated_at`) VALUES ('75', '75', 'Inventore iure aut delectus aperiam ea architecto consequatur. Quo sunt et voluptatem amet dicta. Fugit vitae et et ut nostrum natus ab tempora. Ut excepturi eaque autem voluptas.', 'nihil', 9, NULL, '2007-04-28 05:41:51', '1986-06-26 08:40:31');
INSERT INTO `posts` (`id`, `user_id`, `body`, `filename`, `size`, `metadata`, `created_at`, `updated_at`) VALUES ('76', '76', 'At quasi quasi sit officia dolor accusamus aliquid. Illum odio sit sed et iusto quos magnam.', 'aut', 38822505, NULL, '1982-10-25 18:10:08', '1981-04-19 11:36:53');
INSERT INTO `posts` (`id`, `user_id`, `body`, `filename`, `size`, `metadata`, `created_at`, `updated_at`) VALUES ('77', '77', 'Reprehenderit eaque dolor consequatur sed reprehenderit. Voluptate ut voluptate illum. Non quia consectetur voluptatem odio excepturi nihil. Molestiae eum ducimus quidem.', 'dolore', 238476383, NULL, '1977-05-12 02:56:22', '1996-02-01 04:15:45');
INSERT INTO `posts` (`id`, `user_id`, `body`, `filename`, `size`, `metadata`, `created_at`, `updated_at`) VALUES ('78', '78', 'Excepturi unde ad ipsa in ratione modi qui. Eum dolores sunt repudiandae quo saepe non non. Impedit velit error est maxime nostrum.', 'excepturi', 961351, NULL, '1992-07-08 13:48:28', '2012-12-22 01:40:34');
INSERT INTO `posts` (`id`, `user_id`, `body`, `filename`, `size`, `metadata`, `created_at`, `updated_at`) VALUES ('79', '79', 'Vitae animi et dolores sequi exercitationem possimus. Corrupti aliquid in occaecati blanditiis voluptatem. Illum et sunt ex omnis amet voluptate nihil quibusdam.', 'harum', 590, NULL, '1998-03-31 13:13:20', '1989-07-28 06:38:27');
INSERT INTO `posts` (`id`, `user_id`, `body`, `filename`, `size`, `metadata`, `created_at`, `updated_at`) VALUES ('80', '80', 'Aut repudiandae ducimus incidunt et error. Incidunt ad omnis veniam voluptatem odit quos unde. Nisi magni qui aut commodi aut.', 'blanditiis', 172, NULL, '1982-08-26 06:30:41', '2015-01-15 19:38:06');
INSERT INTO `posts` (`id`, `user_id`, `body`, `filename`, `size`, `metadata`, `created_at`, `updated_at`) VALUES ('81', '81', 'Ipsum voluptas sed et non. Consectetur laboriosam eos deserunt suscipit sunt qui beatae. Quasi et necessitatibus quibusdam et aut aut. Nesciunt voluptatum quam ex dolorum eius.', 'non', 2616, NULL, '2013-02-20 06:59:28', '1992-04-08 12:58:15');
INSERT INTO `posts` (`id`, `user_id`, `body`, `filename`, `size`, `metadata`, `created_at`, `updated_at`) VALUES ('82', '82', 'Vitae saepe iste similique ipsum tenetur voluptatem. Excepturi accusamus adipisci corrupti dolores voluptatibus totam. Cum a odio earum doloremque itaque. Tenetur sint ea vel.', 'hic', 5106554, NULL, '1992-12-02 06:05:50', '2017-12-28 18:09:52');
INSERT INTO `posts` (`id`, `user_id`, `body`, `filename`, `size`, `metadata`, `created_at`, `updated_at`) VALUES ('83', '83', 'Ab excepturi natus quis in iusto. Recusandae soluta quidem placeat laudantium. Sed eum maiores eveniet expedita officiis magni.', 'nesciunt', 4, NULL, '2004-07-26 23:02:04', '2017-08-22 01:19:29');
INSERT INTO `posts` (`id`, `user_id`, `body`, `filename`, `size`, `metadata`, `created_at`, `updated_at`) VALUES ('84', '84', 'Excepturi impedit impedit quia. Vero ab sint architecto tempora. Libero placeat totam veniam ex. Laboriosam sit aut accusamus qui nemo ea dignissimos.', 'sint', 24, NULL, '1982-03-16 22:32:11', '2019-07-20 14:57:04');
INSERT INTO `posts` (`id`, `user_id`, `body`, `filename`, `size`, `metadata`, `created_at`, `updated_at`) VALUES ('85', '85', 'Ut velit eum enim voluptates deserunt nihil blanditiis. Ipsa sed nulla est ut aspernatur exercitationem. Earum ad placeat at voluptatem sequi.', 'itaque', 729099954, NULL, '2014-03-18 23:00:42', '2016-03-18 18:33:41');
INSERT INTO `posts` (`id`, `user_id`, `body`, `filename`, `size`, `metadata`, `created_at`, `updated_at`) VALUES ('86', '86', 'Occaecati laboriosam id vero vel incidunt itaque ut odit. Ut qui dicta eum voluptatem. Quia eligendi veritatis tenetur in eum ut suscipit. Sed et assumenda et sunt aut dolores aut laboriosam.', 'quo', 41481875, NULL, '1983-06-24 15:02:57', '1981-03-24 10:39:46');
INSERT INTO `posts` (`id`, `user_id`, `body`, `filename`, `size`, `metadata`, `created_at`, `updated_at`) VALUES ('87', '87', 'Recusandae voluptatem aut deleniti aliquid quo facilis rem. Fuga nostrum accusantium fuga molestiae aut cum. Quibusdam sit quod quis et officiis unde. Mollitia et ut sed et repellendus.', 'a', 48002, NULL, '1999-03-14 14:58:44', '2018-07-23 23:34:26');
INSERT INTO `posts` (`id`, `user_id`, `body`, `filename`, `size`, `metadata`, `created_at`, `updated_at`) VALUES ('88', '88', 'Labore corporis fugit omnis aperiam ducimus dolor. Doloribus consequatur molestias ut ab. Consectetur odio qui at voluptatem debitis iste aut.', 'repellat', 5588131, NULL, '1972-02-09 09:29:24', '1984-08-22 12:42:14');
INSERT INTO `posts` (`id`, `user_id`, `body`, `filename`, `size`, `metadata`, `created_at`, `updated_at`) VALUES ('89', '89', 'Ipsum qui placeat soluta repellat molestias rerum. Quos adipisci nesciunt necessitatibus necessitatibus.', 'recusandae', 633205, NULL, '1985-08-30 13:14:36', '2020-04-28 23:10:00');
INSERT INTO `posts` (`id`, `user_id`, `body`, `filename`, `size`, `metadata`, `created_at`, `updated_at`) VALUES ('90', '90', 'Pariatur ducimus est nemo similique in. Aliquam quod quod dolor ut at distinctio distinctio dolores. Soluta a sequi rerum et in sunt. Et laborum hic ab corporis. Id laboriosam deserunt ut perspiciatis exercitationem.', 'dolor', 42, NULL, '2015-11-01 12:11:09', '2013-12-29 18:44:05');
INSERT INTO `posts` (`id`, `user_id`, `body`, `filename`, `size`, `metadata`, `created_at`, `updated_at`) VALUES ('91', '91', 'Maxime tenetur qui consectetur. Quaerat eos reiciendis et. Velit sapiente quia rem necessitatibus. Et dolores ut sed architecto impedit.', 'asperiores', 54, NULL, '2012-09-30 21:09:54', '2015-08-22 22:57:23');
INSERT INTO `posts` (`id`, `user_id`, `body`, `filename`, `size`, `metadata`, `created_at`, `updated_at`) VALUES ('92', '92', 'Corporis saepe hic quia dicta eos eveniet maiores. Ut fuga eius magnam vitae. Odit officiis quaerat qui dolore cupiditate fugiat fuga. Fugiat et quod consequuntur assumenda.', 'earum', 60484, NULL, '2014-07-18 15:43:29', '2017-11-28 12:45:51');
INSERT INTO `posts` (`id`, `user_id`, `body`, `filename`, `size`, `metadata`, `created_at`, `updated_at`) VALUES ('93', '93', 'Et molestiae provident et delectus est id ea quia. Voluptatem temporibus omnis doloribus dicta.', 'iste', 3007327, NULL, '1971-05-16 23:51:25', '2020-05-07 11:08:01');
INSERT INTO `posts` (`id`, `user_id`, `body`, `filename`, `size`, `metadata`, `created_at`, `updated_at`) VALUES ('94', '94', 'Esse enim est explicabo et corporis illum. Provident qui omnis dolore officiis saepe velit saepe. Est minus qui quasi natus cupiditate odio quaerat.', 'ab', 9958396, NULL, '1970-08-29 21:21:22', '2004-10-03 03:03:31');
INSERT INTO `posts` (`id`, `user_id`, `body`, `filename`, `size`, `metadata`, `created_at`, `updated_at`) VALUES ('95', '95', 'Quia eum dolor quos quia esse earum. Omnis culpa ut commodi necessitatibus et. Iste vero dolor impedit neque illo vero.', 'officia', 260581, NULL, '2002-09-03 03:46:23', '1986-09-07 04:12:34');
INSERT INTO `posts` (`id`, `user_id`, `body`, `filename`, `size`, `metadata`, `created_at`, `updated_at`) VALUES ('96', '96', 'Excepturi rem fuga tempore sapiente est. Sed architecto enim eos voluptatum dolore ratione commodi.', 'nihil', 998404258, NULL, '1976-05-25 14:03:29', '2000-08-29 21:27:48');
INSERT INTO `posts` (`id`, `user_id`, `body`, `filename`, `size`, `metadata`, `created_at`, `updated_at`) VALUES ('97', '97', 'Repudiandae officia aliquam quo cupiditate accusantium et. Molestiae beatae aut omnis maiores. Saepe quia atque rerum pariatur saepe maiores consequuntur.', 'explicabo', 0, NULL, '2003-12-20 13:04:31', '2004-10-04 02:01:14');
INSERT INTO `posts` (`id`, `user_id`, `body`, `filename`, `size`, `metadata`, `created_at`, `updated_at`) VALUES ('98', '98', 'Et et amet facere dolorem. Natus amet optio et ut hic est omnis.', 'corrupti', 0, NULL, '1993-05-04 02:18:18', '1975-07-17 07:53:26');
INSERT INTO `posts` (`id`, `user_id`, `body`, `filename`, `size`, `metadata`, `created_at`, `updated_at`) VALUES ('99', '99', 'Deserunt ratione amet nisi expedita. Quia facilis accusantium nobis officia ex amet harum.', 'qui', 62033, NULL, '1992-08-13 15:17:41', '1981-09-02 13:51:10');
INSERT INTO `posts` (`id`, `user_id`, `body`, `filename`, `size`, `metadata`, `created_at`, `updated_at`) VALUES ('100', '100', 'Corrupti est beatae et nam unde. Distinctio nesciunt est dolore ea. Enim ut nihil officia excepturi distinctio.', 'iste', 49497, NULL, '1986-07-04 15:50:12', '2012-01-27 16:04:22');

DROP TABLE IF EXISTS `photo_albums`;
CREATE TABLE `photo_albums` (
	id SERIAL,
	`name` varchar(255) DEFAULT NULL,
    user_id BIGINT UNSIGNED DEFAULT NULL,

    FOREIGN KEY (user_id) REFERENCES users(id),
  	PRIMARY KEY (`id`)
);

INSERT INTO `photo_albums` (`id`, `name`, `user_id`) VALUES ('1', 'iste', '1');
INSERT INTO `photo_albums` (`id`, `name`, `user_id`) VALUES ('2', 'hic', '2');
INSERT INTO `photo_albums` (`id`, `name`, `user_id`) VALUES ('3', 'qui', '3');
INSERT INTO `photo_albums` (`id`, `name`, `user_id`) VALUES ('4', 'et', '4');
INSERT INTO `photo_albums` (`id`, `name`, `user_id`) VALUES ('5', 'aut', '5');
INSERT INTO `photo_albums` (`id`, `name`, `user_id`) VALUES ('6', 'non', '6');
INSERT INTO `photo_albums` (`id`, `name`, `user_id`) VALUES ('7', 'doloremque', '7');
INSERT INTO `photo_albums` (`id`, `name`, `user_id`) VALUES ('8', 'est', '8');
INSERT INTO `photo_albums` (`id`, `name`, `user_id`) VALUES ('9', 'voluptas', '9');
INSERT INTO `photo_albums` (`id`, `name`, `user_id`) VALUES ('10', 'ipsam', '10');
INSERT INTO `photo_albums` (`id`, `name`, `user_id`) VALUES ('11', 'maiores', '11');
INSERT INTO `photo_albums` (`id`, `name`, `user_id`) VALUES ('12', 'aliquid', '12');
INSERT INTO `photo_albums` (`id`, `name`, `user_id`) VALUES ('13', 'quibusdam', '13');
INSERT INTO `photo_albums` (`id`, `name`, `user_id`) VALUES ('14', 'id', '14');
INSERT INTO `photo_albums` (`id`, `name`, `user_id`) VALUES ('15', 'aspernatur', '15');
INSERT INTO `photo_albums` (`id`, `name`, `user_id`) VALUES ('16', 'eius', '16');
INSERT INTO `photo_albums` (`id`, `name`, `user_id`) VALUES ('17', 'quibusdam', '17');
INSERT INTO `photo_albums` (`id`, `name`, `user_id`) VALUES ('18', 'dolores', '18');
INSERT INTO `photo_albums` (`id`, `name`, `user_id`) VALUES ('19', 'quas', '19');
INSERT INTO `photo_albums` (`id`, `name`, `user_id`) VALUES ('20', 'sed', '20');
INSERT INTO `photo_albums` (`id`, `name`, `user_id`) VALUES ('21', 'magni', '21');
INSERT INTO `photo_albums` (`id`, `name`, `user_id`) VALUES ('22', 'quia', '22');
INSERT INTO `photo_albums` (`id`, `name`, `user_id`) VALUES ('23', 'ad', '23');
INSERT INTO `photo_albums` (`id`, `name`, `user_id`) VALUES ('24', 'porro', '24');
INSERT INTO `photo_albums` (`id`, `name`, `user_id`) VALUES ('25', 'ea', '25');
INSERT INTO `photo_albums` (`id`, `name`, `user_id`) VALUES ('26', 'rerum', '26');
INSERT INTO `photo_albums` (`id`, `name`, `user_id`) VALUES ('27', 'repudiandae', '27');
INSERT INTO `photo_albums` (`id`, `name`, `user_id`) VALUES ('28', 'laudantium', '28');
INSERT INTO `photo_albums` (`id`, `name`, `user_id`) VALUES ('29', 'nostrum', '29');
INSERT INTO `photo_albums` (`id`, `name`, `user_id`) VALUES ('30', 'perspiciatis', '30');
INSERT INTO `photo_albums` (`id`, `name`, `user_id`) VALUES ('31', 'amet', '31');
INSERT INTO `photo_albums` (`id`, `name`, `user_id`) VALUES ('32', 'officia', '32');
INSERT INTO `photo_albums` (`id`, `name`, `user_id`) VALUES ('33', 'illo', '33');
INSERT INTO `photo_albums` (`id`, `name`, `user_id`) VALUES ('34', 'qui', '34');
INSERT INTO `photo_albums` (`id`, `name`, `user_id`) VALUES ('35', 'fugiat', '35');
INSERT INTO `photo_albums` (`id`, `name`, `user_id`) VALUES ('36', 'natus', '36');
INSERT INTO `photo_albums` (`id`, `name`, `user_id`) VALUES ('37', 'est', '37');
INSERT INTO `photo_albums` (`id`, `name`, `user_id`) VALUES ('38', 'recusandae', '38');
INSERT INTO `photo_albums` (`id`, `name`, `user_id`) VALUES ('39', 'magni', '39');
INSERT INTO `photo_albums` (`id`, `name`, `user_id`) VALUES ('40', 'velit', '40');
INSERT INTO `photo_albums` (`id`, `name`, `user_id`) VALUES ('41', 'totam', '41');
INSERT INTO `photo_albums` (`id`, `name`, `user_id`) VALUES ('42', 'sit', '42');
INSERT INTO `photo_albums` (`id`, `name`, `user_id`) VALUES ('43', 'nam', '43');
INSERT INTO `photo_albums` (`id`, `name`, `user_id`) VALUES ('44', 'voluptas', '44');
INSERT INTO `photo_albums` (`id`, `name`, `user_id`) VALUES ('45', 'mollitia', '45');
INSERT INTO `photo_albums` (`id`, `name`, `user_id`) VALUES ('46', 'aut', '46');
INSERT INTO `photo_albums` (`id`, `name`, `user_id`) VALUES ('47', 'laboriosam', '47');
INSERT INTO `photo_albums` (`id`, `name`, `user_id`) VALUES ('48', 'eius', '48');
INSERT INTO `photo_albums` (`id`, `name`, `user_id`) VALUES ('49', 'maxime', '49');
INSERT INTO `photo_albums` (`id`, `name`, `user_id`) VALUES ('50', 'soluta', '50');
INSERT INTO `photo_albums` (`id`, `name`, `user_id`) VALUES ('51', 'aut', '51');
INSERT INTO `photo_albums` (`id`, `name`, `user_id`) VALUES ('52', 'et', '52');
INSERT INTO `photo_albums` (`id`, `name`, `user_id`) VALUES ('53', 'nihil', '53');
INSERT INTO `photo_albums` (`id`, `name`, `user_id`) VALUES ('54', 'soluta', '54');
INSERT INTO `photo_albums` (`id`, `name`, `user_id`) VALUES ('55', 'ullam', '55');
INSERT INTO `photo_albums` (`id`, `name`, `user_id`) VALUES ('56', 'ipsa', '56');
INSERT INTO `photo_albums` (`id`, `name`, `user_id`) VALUES ('57', 'totam', '57');
INSERT INTO `photo_albums` (`id`, `name`, `user_id`) VALUES ('58', 'dolorem', '58');
INSERT INTO `photo_albums` (`id`, `name`, `user_id`) VALUES ('59', 'iusto', '59');
INSERT INTO `photo_albums` (`id`, `name`, `user_id`) VALUES ('60', 'est', '60');
INSERT INTO `photo_albums` (`id`, `name`, `user_id`) VALUES ('61', 'iure', '61');
INSERT INTO `photo_albums` (`id`, `name`, `user_id`) VALUES ('62', 'et', '62');
INSERT INTO `photo_albums` (`id`, `name`, `user_id`) VALUES ('63', 'et', '63');
INSERT INTO `photo_albums` (`id`, `name`, `user_id`) VALUES ('64', 'minima', '64');
INSERT INTO `photo_albums` (`id`, `name`, `user_id`) VALUES ('65', 'voluptatibus', '65');
INSERT INTO `photo_albums` (`id`, `name`, `user_id`) VALUES ('66', 'assumenda', '66');
INSERT INTO `photo_albums` (`id`, `name`, `user_id`) VALUES ('67', 'aut', '67');
INSERT INTO `photo_albums` (`id`, `name`, `user_id`) VALUES ('68', 'eaque', '68');
INSERT INTO `photo_albums` (`id`, `name`, `user_id`) VALUES ('69', 'et', '69');
INSERT INTO `photo_albums` (`id`, `name`, `user_id`) VALUES ('70', 'laudantium', '70');
INSERT INTO `photo_albums` (`id`, `name`, `user_id`) VALUES ('71', 'beatae', '71');
INSERT INTO `photo_albums` (`id`, `name`, `user_id`) VALUES ('72', 'consectetur', '72');
INSERT INTO `photo_albums` (`id`, `name`, `user_id`) VALUES ('73', 'velit', '73');
INSERT INTO `photo_albums` (`id`, `name`, `user_id`) VALUES ('74', 'necessitatibus', '74');
INSERT INTO `photo_albums` (`id`, `name`, `user_id`) VALUES ('75', 'rerum', '75');
INSERT INTO `photo_albums` (`id`, `name`, `user_id`) VALUES ('76', 'aut', '76');
INSERT INTO `photo_albums` (`id`, `name`, `user_id`) VALUES ('77', 'recusandae', '77');
INSERT INTO `photo_albums` (`id`, `name`, `user_id`) VALUES ('78', 'qui', '78');
INSERT INTO `photo_albums` (`id`, `name`, `user_id`) VALUES ('79', 'et', '79');
INSERT INTO `photo_albums` (`id`, `name`, `user_id`) VALUES ('80', 'vero', '80');
INSERT INTO `photo_albums` (`id`, `name`, `user_id`) VALUES ('81', 'nostrum', '81');
INSERT INTO `photo_albums` (`id`, `name`, `user_id`) VALUES ('82', 'quas', '82');
INSERT INTO `photo_albums` (`id`, `name`, `user_id`) VALUES ('83', 'cum', '83');
INSERT INTO `photo_albums` (`id`, `name`, `user_id`) VALUES ('84', 'ut', '84');
INSERT INTO `photo_albums` (`id`, `name`, `user_id`) VALUES ('85', 'autem', '85');
INSERT INTO `photo_albums` (`id`, `name`, `user_id`) VALUES ('86', 'odit', '86');
INSERT INTO `photo_albums` (`id`, `name`, `user_id`) VALUES ('87', 'dolor', '87');
INSERT INTO `photo_albums` (`id`, `name`, `user_id`) VALUES ('88', 'enim', '88');
INSERT INTO `photo_albums` (`id`, `name`, `user_id`) VALUES ('89', 'rerum', '89');
INSERT INTO `photo_albums` (`id`, `name`, `user_id`) VALUES ('90', 'voluptates', '90');
INSERT INTO `photo_albums` (`id`, `name`, `user_id`) VALUES ('91', 'aspernatur', '91');
INSERT INTO `photo_albums` (`id`, `name`, `user_id`) VALUES ('92', 'qui', '92');
INSERT INTO `photo_albums` (`id`, `name`, `user_id`) VALUES ('93', 'quia', '93');
INSERT INTO `photo_albums` (`id`, `name`, `user_id`) VALUES ('94', 'ut', '94');
INSERT INTO `photo_albums` (`id`, `name`, `user_id`) VALUES ('95', 'eum', '95');
INSERT INTO `photo_albums` (`id`, `name`, `user_id`) VALUES ('96', 'eum', '96');
INSERT INTO `photo_albums` (`id`, `name`, `user_id`) VALUES ('97', 'tenetur', '97');
INSERT INTO `photo_albums` (`id`, `name`, `user_id`) VALUES ('98', 'explicabo', '98');
INSERT INTO `photo_albums` (`id`, `name`, `user_id`) VALUES ('99', 'ab', '99');
INSERT INTO `photo_albums` (`id`, `name`, `user_id`) VALUES ('100', 'delectus', '100');

DROP TABLE IF EXISTS `photos`;
CREATE TABLE `photos` (
	id SERIAL PRIMARY KEY,
	album_id BIGINT unsigned NOT NULL,
	media_id BIGINT unsigned NOT NULL,
    post_id BIGINT unsigned NOT NULL,
    
	FOREIGN KEY (album_id) REFERENCES photo_albums(id),
    FOREIGN KEY (media_id) REFERENCES media(id),
    FOREIGN KEY (post_id) REFERENCES posts(id)
);

INSERT INTO `photos` (`id`, `album_id`, `media_id`, `post_id`) VALUES ('1', '1', '1', '1');
INSERT INTO `photos` (`id`, `album_id`, `media_id`, `post_id`) VALUES ('2', '2', '2', '2');
INSERT INTO `photos` (`id`, `album_id`, `media_id`, `post_id`) VALUES ('3', '3', '3', '3');
INSERT INTO `photos` (`id`, `album_id`, `media_id`, `post_id`) VALUES ('4', '4', '4', '4');
INSERT INTO `photos` (`id`, `album_id`, `media_id`, `post_id`) VALUES ('5', '5', '5', '5');
INSERT INTO `photos` (`id`, `album_id`, `media_id`, `post_id`) VALUES ('6', '6', '6', '6');
INSERT INTO `photos` (`id`, `album_id`, `media_id`, `post_id`) VALUES ('7', '7', '7', '7');
INSERT INTO `photos` (`id`, `album_id`, `media_id`, `post_id`) VALUES ('8', '8', '8', '8');
INSERT INTO `photos` (`id`, `album_id`, `media_id`, `post_id`) VALUES ('9', '9', '9', '9');
INSERT INTO `photos` (`id`, `album_id`, `media_id`, `post_id`) VALUES ('10', '10', '10', '10');
INSERT INTO `photos` (`id`, `album_id`, `media_id`, `post_id`) VALUES ('11', '11', '11', '11');
INSERT INTO `photos` (`id`, `album_id`, `media_id`, `post_id`) VALUES ('12', '12', '12', '12');
INSERT INTO `photos` (`id`, `album_id`, `media_id`, `post_id`) VALUES ('13', '13', '13', '13');
INSERT INTO `photos` (`id`, `album_id`, `media_id`, `post_id`) VALUES ('14', '14', '14', '14');
INSERT INTO `photos` (`id`, `album_id`, `media_id`, `post_id`) VALUES ('15', '15', '15', '15');
INSERT INTO `photos` (`id`, `album_id`, `media_id`, `post_id`) VALUES ('16', '16', '16', '16');
INSERT INTO `photos` (`id`, `album_id`, `media_id`, `post_id`) VALUES ('17', '17', '17', '17');
INSERT INTO `photos` (`id`, `album_id`, `media_id`, `post_id`) VALUES ('18', '18', '18', '18');
INSERT INTO `photos` (`id`, `album_id`, `media_id`, `post_id`) VALUES ('19', '19', '19', '19');
INSERT INTO `photos` (`id`, `album_id`, `media_id`, `post_id`) VALUES ('20', '20', '20', '20');
INSERT INTO `photos` (`id`, `album_id`, `media_id`, `post_id`) VALUES ('21', '21', '21', '21');
INSERT INTO `photos` (`id`, `album_id`, `media_id`, `post_id`) VALUES ('22', '22', '22', '22');
INSERT INTO `photos` (`id`, `album_id`, `media_id`, `post_id`) VALUES ('23', '23', '23', '23');
INSERT INTO `photos` (`id`, `album_id`, `media_id`, `post_id`) VALUES ('24', '24', '24', '24');
INSERT INTO `photos` (`id`, `album_id`, `media_id`, `post_id`) VALUES ('25', '25', '25', '25');
INSERT INTO `photos` (`id`, `album_id`, `media_id`, `post_id`) VALUES ('26', '26', '26', '26');
INSERT INTO `photos` (`id`, `album_id`, `media_id`, `post_id`) VALUES ('27', '27', '27', '27');
INSERT INTO `photos` (`id`, `album_id`, `media_id`, `post_id`) VALUES ('28', '28', '28', '28');
INSERT INTO `photos` (`id`, `album_id`, `media_id`, `post_id`) VALUES ('29', '29', '29', '29');
INSERT INTO `photos` (`id`, `album_id`, `media_id`, `post_id`) VALUES ('30', '30', '30', '30');
INSERT INTO `photos` (`id`, `album_id`, `media_id`, `post_id`) VALUES ('31', '31', '31', '31');
INSERT INTO `photos` (`id`, `album_id`, `media_id`, `post_id`) VALUES ('32', '32', '32', '32');
INSERT INTO `photos` (`id`, `album_id`, `media_id`, `post_id`) VALUES ('33', '33', '33', '33');
INSERT INTO `photos` (`id`, `album_id`, `media_id`, `post_id`) VALUES ('34', '34', '34', '34');
INSERT INTO `photos` (`id`, `album_id`, `media_id`, `post_id`) VALUES ('35', '35', '35', '35');
INSERT INTO `photos` (`id`, `album_id`, `media_id`, `post_id`) VALUES ('36', '36', '36', '36');
INSERT INTO `photos` (`id`, `album_id`, `media_id`, `post_id`) VALUES ('37', '37', '37', '37');
INSERT INTO `photos` (`id`, `album_id`, `media_id`, `post_id`) VALUES ('38', '38', '38', '38');
INSERT INTO `photos` (`id`, `album_id`, `media_id`, `post_id`) VALUES ('39', '39', '39', '39');
INSERT INTO `photos` (`id`, `album_id`, `media_id`, `post_id`) VALUES ('40', '40', '40', '40');
INSERT INTO `photos` (`id`, `album_id`, `media_id`, `post_id`) VALUES ('41', '41', '41', '41');
INSERT INTO `photos` (`id`, `album_id`, `media_id`, `post_id`) VALUES ('42', '42', '42', '42');
INSERT INTO `photos` (`id`, `album_id`, `media_id`, `post_id`) VALUES ('43', '43', '43', '43');
INSERT INTO `photos` (`id`, `album_id`, `media_id`, `post_id`) VALUES ('44', '44', '44', '44');
INSERT INTO `photos` (`id`, `album_id`, `media_id`, `post_id`) VALUES ('45', '45', '45', '45');
INSERT INTO `photos` (`id`, `album_id`, `media_id`, `post_id`) VALUES ('46', '46', '46', '46');
INSERT INTO `photos` (`id`, `album_id`, `media_id`, `post_id`) VALUES ('47', '47', '47', '47');
INSERT INTO `photos` (`id`, `album_id`, `media_id`, `post_id`) VALUES ('48', '48', '48', '48');
INSERT INTO `photos` (`id`, `album_id`, `media_id`, `post_id`) VALUES ('49', '49', '49', '49');
INSERT INTO `photos` (`id`, `album_id`, `media_id`, `post_id`) VALUES ('50', '50', '50', '50');
INSERT INTO `photos` (`id`, `album_id`, `media_id`, `post_id`) VALUES ('51', '51', '51', '51');
INSERT INTO `photos` (`id`, `album_id`, `media_id`, `post_id`) VALUES ('52', '52', '52', '52');
INSERT INTO `photos` (`id`, `album_id`, `media_id`, `post_id`) VALUES ('53', '53', '53', '53');
INSERT INTO `photos` (`id`, `album_id`, `media_id`, `post_id`) VALUES ('54', '54', '54', '54');
INSERT INTO `photos` (`id`, `album_id`, `media_id`, `post_id`) VALUES ('55', '55', '55', '55');
INSERT INTO `photos` (`id`, `album_id`, `media_id`, `post_id`) VALUES ('56', '56', '56', '56');
INSERT INTO `photos` (`id`, `album_id`, `media_id`, `post_id`) VALUES ('57', '57', '57', '57');
INSERT INTO `photos` (`id`, `album_id`, `media_id`, `post_id`) VALUES ('58', '58', '58', '58');
INSERT INTO `photos` (`id`, `album_id`, `media_id`, `post_id`) VALUES ('59', '59', '59', '59');
INSERT INTO `photos` (`id`, `album_id`, `media_id`, `post_id`) VALUES ('60', '60', '60', '60');
INSERT INTO `photos` (`id`, `album_id`, `media_id`, `post_id`) VALUES ('61', '61', '61', '61');
INSERT INTO `photos` (`id`, `album_id`, `media_id`, `post_id`) VALUES ('62', '62', '62', '62');
INSERT INTO `photos` (`id`, `album_id`, `media_id`, `post_id`) VALUES ('63', '63', '63', '63');
INSERT INTO `photos` (`id`, `album_id`, `media_id`, `post_id`) VALUES ('64', '64', '64', '64');
INSERT INTO `photos` (`id`, `album_id`, `media_id`, `post_id`) VALUES ('65', '65', '65', '65');
INSERT INTO `photos` (`id`, `album_id`, `media_id`, `post_id`) VALUES ('66', '66', '66', '66');
INSERT INTO `photos` (`id`, `album_id`, `media_id`, `post_id`) VALUES ('67', '67', '67', '67');
INSERT INTO `photos` (`id`, `album_id`, `media_id`, `post_id`) VALUES ('68', '68', '68', '68');
INSERT INTO `photos` (`id`, `album_id`, `media_id`, `post_id`) VALUES ('69', '69', '69', '69');
INSERT INTO `photos` (`id`, `album_id`, `media_id`, `post_id`) VALUES ('70', '70', '70', '70');
INSERT INTO `photos` (`id`, `album_id`, `media_id`, `post_id`) VALUES ('71', '71', '71', '71');
INSERT INTO `photos` (`id`, `album_id`, `media_id`, `post_id`) VALUES ('72', '72', '72', '72');
INSERT INTO `photos` (`id`, `album_id`, `media_id`, `post_id`) VALUES ('73', '73', '73', '73');
INSERT INTO `photos` (`id`, `album_id`, `media_id`, `post_id`) VALUES ('74', '74', '74', '74');
INSERT INTO `photos` (`id`, `album_id`, `media_id`, `post_id`) VALUES ('75', '75', '75', '75');
INSERT INTO `photos` (`id`, `album_id`, `media_id`, `post_id`) VALUES ('76', '76', '76', '76');
INSERT INTO `photos` (`id`, `album_id`, `media_id`, `post_id`) VALUES ('77', '77', '77', '77');
INSERT INTO `photos` (`id`, `album_id`, `media_id`, `post_id`) VALUES ('78', '78', '78', '78');
INSERT INTO `photos` (`id`, `album_id`, `media_id`, `post_id`) VALUES ('79', '79', '79', '79');
INSERT INTO `photos` (`id`, `album_id`, `media_id`, `post_id`) VALUES ('80', '80', '80', '80');
INSERT INTO `photos` (`id`, `album_id`, `media_id`, `post_id`) VALUES ('81', '81', '81', '81');
INSERT INTO `photos` (`id`, `album_id`, `media_id`, `post_id`) VALUES ('82', '82', '82', '82');
INSERT INTO `photos` (`id`, `album_id`, `media_id`, `post_id`) VALUES ('83', '83', '83', '83');
INSERT INTO `photos` (`id`, `album_id`, `media_id`, `post_id`) VALUES ('84', '84', '84', '84');
INSERT INTO `photos` (`id`, `album_id`, `media_id`, `post_id`) VALUES ('85', '85', '85', '85');
INSERT INTO `photos` (`id`, `album_id`, `media_id`, `post_id`) VALUES ('86', '86', '86', '86');
INSERT INTO `photos` (`id`, `album_id`, `media_id`, `post_id`) VALUES ('87', '87', '87', '87');
INSERT INTO `photos` (`id`, `album_id`, `media_id`, `post_id`) VALUES ('88', '88', '88', '88');
INSERT INTO `photos` (`id`, `album_id`, `media_id`, `post_id`) VALUES ('89', '89', '89', '89');
INSERT INTO `photos` (`id`, `album_id`, `media_id`, `post_id`) VALUES ('90', '90', '90', '90');
INSERT INTO `photos` (`id`, `album_id`, `media_id`, `post_id`) VALUES ('91', '91', '91', '91');
INSERT INTO `photos` (`id`, `album_id`, `media_id`, `post_id`) VALUES ('92', '92', '92', '92');
INSERT INTO `photos` (`id`, `album_id`, `media_id`, `post_id`) VALUES ('93', '93', '93', '93');
INSERT INTO `photos` (`id`, `album_id`, `media_id`, `post_id`) VALUES ('94', '94', '94', '94');
INSERT INTO `photos` (`id`, `album_id`, `media_id`, `post_id`) VALUES ('95', '95', '95', '95');
INSERT INTO `photos` (`id`, `album_id`, `media_id`, `post_id`) VALUES ('96', '96', '96', '96');
INSERT INTO `photos` (`id`, `album_id`, `media_id`, `post_id`) VALUES ('97', '97', '97', '97');
INSERT INTO `photos` (`id`, `album_id`, `media_id`, `post_id`) VALUES ('98', '98', '98', '98');
INSERT INTO `photos` (`id`, `album_id`, `media_id`, `post_id`) VALUES ('99', '99', '99', '99');
INSERT INTO `photos` (`id`, `album_id`, `media_id`, `post_id`) VALUES ('100', '100', '100', '100');

DROP TABLE IF EXISTS likes;
CREATE TABLE likes(
	id SERIAL PRIMARY KEY,
    user_id BIGINT UNSIGNED NOT NULL,
    media_id BIGINT UNSIGNED NOT NULL,
    post_id BIGINT UNSIGNED NOT NULL,
    created_at DATETIME DEFAULT NOW(), 
    
    FOREIGN KEY (user_id) REFERENCES users(id),
    FOREIGN KEY (media_id) REFERENCES media(id),
    FOREIGN KEY (post_id) REFERENCES posts(id)
);

INSERT INTO `likes` (`id`, `user_id`, `media_id`, `post_id`, `created_at`) VALUES ('1', '1', '1', '1', '2017-05-07 17:13:05');
INSERT INTO `likes` (`id`, `user_id`, `media_id`, `post_id`, `created_at`) VALUES ('2', '2', '2', '2', '1993-02-03 02:17:45');
INSERT INTO `likes` (`id`, `user_id`, `media_id`, `post_id`, `created_at`) VALUES ('3', '3', '3', '3', '1981-09-14 12:13:18');
INSERT INTO `likes` (`id`, `user_id`, `media_id`, `post_id`, `created_at`) VALUES ('4', '4', '4', '4', '1982-01-13 11:05:08');
INSERT INTO `likes` (`id`, `user_id`, `media_id`, `post_id`, `created_at`) VALUES ('5', '5', '5', '5', '1981-12-25 02:13:31');
INSERT INTO `likes` (`id`, `user_id`, `media_id`, `post_id`, `created_at`) VALUES ('6', '6', '6', '6', '1978-04-12 11:47:43');
INSERT INTO `likes` (`id`, `user_id`, `media_id`, `post_id`, `created_at`) VALUES ('7', '7', '7', '7', '1999-09-24 09:25:03');
INSERT INTO `likes` (`id`, `user_id`, `media_id`, `post_id`, `created_at`) VALUES ('8', '8', '8', '8', '2016-12-29 03:03:16');
INSERT INTO `likes` (`id`, `user_id`, `media_id`, `post_id`, `created_at`) VALUES ('9', '9', '9', '9', '1983-08-29 20:52:52');
INSERT INTO `likes` (`id`, `user_id`, `media_id`, `post_id`, `created_at`) VALUES ('10', '10', '10', '10', '2016-07-25 16:17:02');
INSERT INTO `likes` (`id`, `user_id`, `media_id`, `post_id`, `created_at`) VALUES ('11', '11', '11', '11', '1971-06-08 21:49:11');
INSERT INTO `likes` (`id`, `user_id`, `media_id`, `post_id`, `created_at`) VALUES ('12', '12', '12', '12', '2010-06-04 04:11:20');
INSERT INTO `likes` (`id`, `user_id`, `media_id`, `post_id`, `created_at`) VALUES ('13', '13', '13', '13', '1993-10-13 00:30:40');
INSERT INTO `likes` (`id`, `user_id`, `media_id`, `post_id`, `created_at`) VALUES ('14', '14', '14', '14', '2004-03-25 07:05:45');
INSERT INTO `likes` (`id`, `user_id`, `media_id`, `post_id`, `created_at`) VALUES ('15', '15', '15', '15', '2019-08-02 12:20:25');
INSERT INTO `likes` (`id`, `user_id`, `media_id`, `post_id`, `created_at`) VALUES ('16', '16', '16', '16', '2005-09-21 10:50:04');
INSERT INTO `likes` (`id`, `user_id`, `media_id`, `post_id`, `created_at`) VALUES ('17', '17', '17', '17', '2001-09-02 18:55:50');
INSERT INTO `likes` (`id`, `user_id`, `media_id`, `post_id`, `created_at`) VALUES ('18', '18', '18', '18', '1987-04-09 04:20:56');
INSERT INTO `likes` (`id`, `user_id`, `media_id`, `post_id`, `created_at`) VALUES ('19', '19', '19', '19', '1989-04-15 20:24:26');
INSERT INTO `likes` (`id`, `user_id`, `media_id`, `post_id`, `created_at`) VALUES ('20', '20', '20', '20', '1976-08-28 09:51:17');
INSERT INTO `likes` (`id`, `user_id`, `media_id`, `post_id`, `created_at`) VALUES ('21', '21', '21', '21', '1970-06-11 21:22:42');
INSERT INTO `likes` (`id`, `user_id`, `media_id`, `post_id`, `created_at`) VALUES ('22', '22', '22', '22', '2009-07-06 10:50:46');
INSERT INTO `likes` (`id`, `user_id`, `media_id`, `post_id`, `created_at`) VALUES ('23', '23', '23', '23', '2016-08-26 01:05:25');
INSERT INTO `likes` (`id`, `user_id`, `media_id`, `post_id`, `created_at`) VALUES ('24', '24', '24', '24', '2003-01-27 07:41:09');
INSERT INTO `likes` (`id`, `user_id`, `media_id`, `post_id`, `created_at`) VALUES ('25', '25', '25', '25', '1998-08-17 20:04:49');
INSERT INTO `likes` (`id`, `user_id`, `media_id`, `post_id`, `created_at`) VALUES ('26', '26', '26', '26', '1992-01-04 22:01:09');
INSERT INTO `likes` (`id`, `user_id`, `media_id`, `post_id`, `created_at`) VALUES ('27', '27', '27', '27', '2016-12-22 10:15:27');
INSERT INTO `likes` (`id`, `user_id`, `media_id`, `post_id`, `created_at`) VALUES ('28', '28', '28', '28', '2007-07-11 12:50:16');
INSERT INTO `likes` (`id`, `user_id`, `media_id`, `post_id`, `created_at`) VALUES ('29', '29', '29', '29', '2011-01-31 23:03:48');
INSERT INTO `likes` (`id`, `user_id`, `media_id`, `post_id`, `created_at`) VALUES ('30', '30', '30', '30', '1995-04-12 08:42:32');
INSERT INTO `likes` (`id`, `user_id`, `media_id`, `post_id`, `created_at`) VALUES ('31', '31', '31', '31', '2011-06-20 23:36:08');
INSERT INTO `likes` (`id`, `user_id`, `media_id`, `post_id`, `created_at`) VALUES ('32', '32', '32', '32', '1992-12-21 14:29:41');
INSERT INTO `likes` (`id`, `user_id`, `media_id`, `post_id`, `created_at`) VALUES ('33', '33', '33', '33', '2016-05-31 13:27:08');
INSERT INTO `likes` (`id`, `user_id`, `media_id`, `post_id`, `created_at`) VALUES ('34', '34', '34', '34', '1970-04-18 10:26:10');
INSERT INTO `likes` (`id`, `user_id`, `media_id`, `post_id`, `created_at`) VALUES ('35', '35', '35', '35', '2002-01-30 03:52:36');
INSERT INTO `likes` (`id`, `user_id`, `media_id`, `post_id`, `created_at`) VALUES ('36', '36', '36', '36', '1985-10-31 10:33:35');
INSERT INTO `likes` (`id`, `user_id`, `media_id`, `post_id`, `created_at`) VALUES ('37', '37', '37', '37', '1974-08-13 23:38:53');
INSERT INTO `likes` (`id`, `user_id`, `media_id`, `post_id`, `created_at`) VALUES ('38', '38', '38', '38', '2007-04-03 12:08:30');
INSERT INTO `likes` (`id`, `user_id`, `media_id`, `post_id`, `created_at`) VALUES ('39', '39', '39', '39', '1973-06-19 07:17:49');
INSERT INTO `likes` (`id`, `user_id`, `media_id`, `post_id`, `created_at`) VALUES ('40', '40', '40', '40', '2004-08-18 23:15:02');
INSERT INTO `likes` (`id`, `user_id`, `media_id`, `post_id`, `created_at`) VALUES ('41', '41', '41', '41', '1972-11-18 01:48:58');
INSERT INTO `likes` (`id`, `user_id`, `media_id`, `post_id`, `created_at`) VALUES ('42', '42', '42', '42', '1975-12-07 12:42:08');
INSERT INTO `likes` (`id`, `user_id`, `media_id`, `post_id`, `created_at`) VALUES ('43', '43', '43', '43', '1997-10-08 20:27:43');
INSERT INTO `likes` (`id`, `user_id`, `media_id`, `post_id`, `created_at`) VALUES ('44', '44', '44', '44', '2015-01-24 22:20:28');
INSERT INTO `likes` (`id`, `user_id`, `media_id`, `post_id`, `created_at`) VALUES ('45', '45', '45', '45', '2011-01-11 08:22:36');
INSERT INTO `likes` (`id`, `user_id`, `media_id`, `post_id`, `created_at`) VALUES ('46', '46', '46', '46', '1974-10-15 16:47:30');
INSERT INTO `likes` (`id`, `user_id`, `media_id`, `post_id`, `created_at`) VALUES ('47', '47', '47', '47', '2019-03-12 16:05:47');
INSERT INTO `likes` (`id`, `user_id`, `media_id`, `post_id`, `created_at`) VALUES ('48', '48', '48', '48', '2003-07-19 23:02:00');
INSERT INTO `likes` (`id`, `user_id`, `media_id`, `post_id`, `created_at`) VALUES ('49', '49', '49', '49', '1989-06-20 18:46:50');
INSERT INTO `likes` (`id`, `user_id`, `media_id`, `post_id`, `created_at`) VALUES ('50', '50', '50', '50', '2015-09-22 08:26:59');
INSERT INTO `likes` (`id`, `user_id`, `media_id`, `post_id`, `created_at`) VALUES ('51', '51', '51', '51', '1980-10-28 09:39:08');
INSERT INTO `likes` (`id`, `user_id`, `media_id`, `post_id`, `created_at`) VALUES ('52', '52', '52', '52', '1990-10-02 10:28:00');
INSERT INTO `likes` (`id`, `user_id`, `media_id`, `post_id`, `created_at`) VALUES ('53', '53', '53', '53', '1984-06-03 18:00:16');
INSERT INTO `likes` (`id`, `user_id`, `media_id`, `post_id`, `created_at`) VALUES ('54', '54', '54', '54', '2015-12-17 19:30:14');
INSERT INTO `likes` (`id`, `user_id`, `media_id`, `post_id`, `created_at`) VALUES ('55', '55', '55', '55', '1983-07-02 14:02:35');
INSERT INTO `likes` (`id`, `user_id`, `media_id`, `post_id`, `created_at`) VALUES ('56', '56', '56', '56', '2004-04-21 11:40:13');
INSERT INTO `likes` (`id`, `user_id`, `media_id`, `post_id`, `created_at`) VALUES ('57', '57', '57', '57', '2009-08-09 23:10:03');
INSERT INTO `likes` (`id`, `user_id`, `media_id`, `post_id`, `created_at`) VALUES ('58', '58', '58', '58', '2010-04-30 17:50:29');
INSERT INTO `likes` (`id`, `user_id`, `media_id`, `post_id`, `created_at`) VALUES ('59', '59', '59', '59', '1986-05-03 20:01:41');
INSERT INTO `likes` (`id`, `user_id`, `media_id`, `post_id`, `created_at`) VALUES ('60', '60', '60', '60', '1973-11-05 19:35:09');
INSERT INTO `likes` (`id`, `user_id`, `media_id`, `post_id`, `created_at`) VALUES ('61', '61', '61', '61', '1996-10-23 01:34:12');
INSERT INTO `likes` (`id`, `user_id`, `media_id`, `post_id`, `created_at`) VALUES ('62', '62', '62', '62', '1978-04-02 13:49:07');
INSERT INTO `likes` (`id`, `user_id`, `media_id`, `post_id`, `created_at`) VALUES ('63', '63', '63', '63', '2014-08-04 12:20:15');
INSERT INTO `likes` (`id`, `user_id`, `media_id`, `post_id`, `created_at`) VALUES ('64', '64', '64', '64', '1993-11-18 06:26:39');
INSERT INTO `likes` (`id`, `user_id`, `media_id`, `post_id`, `created_at`) VALUES ('65', '65', '65', '65', '2001-12-27 12:44:58');
INSERT INTO `likes` (`id`, `user_id`, `media_id`, `post_id`, `created_at`) VALUES ('66', '66', '66', '66', '2006-12-07 10:52:34');
INSERT INTO `likes` (`id`, `user_id`, `media_id`, `post_id`, `created_at`) VALUES ('67', '67', '67', '67', '1990-03-01 00:35:24');
INSERT INTO `likes` (`id`, `user_id`, `media_id`, `post_id`, `created_at`) VALUES ('68', '68', '68', '68', '1971-07-06 20:26:12');
INSERT INTO `likes` (`id`, `user_id`, `media_id`, `post_id`, `created_at`) VALUES ('69', '69', '69', '69', '2014-12-12 00:18:48');
INSERT INTO `likes` (`id`, `user_id`, `media_id`, `post_id`, `created_at`) VALUES ('70', '70', '70', '70', '1985-01-10 02:01:27');
INSERT INTO `likes` (`id`, `user_id`, `media_id`, `post_id`, `created_at`) VALUES ('71', '71', '71', '71', '2011-01-27 18:51:34');
INSERT INTO `likes` (`id`, `user_id`, `media_id`, `post_id`, `created_at`) VALUES ('72', '72', '72', '72', '2002-12-30 04:02:09');
INSERT INTO `likes` (`id`, `user_id`, `media_id`, `post_id`, `created_at`) VALUES ('73', '73', '73', '73', '1995-12-02 17:35:16');
INSERT INTO `likes` (`id`, `user_id`, `media_id`, `post_id`, `created_at`) VALUES ('74', '74', '74', '74', '2012-10-26 13:43:30');
INSERT INTO `likes` (`id`, `user_id`, `media_id`, `post_id`, `created_at`) VALUES ('75', '75', '75', '75', '1976-06-16 22:08:33');
INSERT INTO `likes` (`id`, `user_id`, `media_id`, `post_id`, `created_at`) VALUES ('76', '76', '76', '76', '1986-05-10 05:48:15');
INSERT INTO `likes` (`id`, `user_id`, `media_id`, `post_id`, `created_at`) VALUES ('77', '77', '77', '77', '1972-10-23 02:50:02');
INSERT INTO `likes` (`id`, `user_id`, `media_id`, `post_id`, `created_at`) VALUES ('78', '78', '78', '78', '1970-09-07 21:15:13');
INSERT INTO `likes` (`id`, `user_id`, `media_id`, `post_id`, `created_at`) VALUES ('79', '79', '79', '79', '1995-10-30 17:48:12');
INSERT INTO `likes` (`id`, `user_id`, `media_id`, `post_id`, `created_at`) VALUES ('80', '80', '80', '80', '2013-07-05 02:18:09');
INSERT INTO `likes` (`id`, `user_id`, `media_id`, `post_id`, `created_at`) VALUES ('81', '81', '81', '81', '1989-06-08 10:39:43');
INSERT INTO `likes` (`id`, `user_id`, `media_id`, `post_id`, `created_at`) VALUES ('82', '82', '82', '82', '2007-09-18 04:04:05');
INSERT INTO `likes` (`id`, `user_id`, `media_id`, `post_id`, `created_at`) VALUES ('83', '83', '83', '83', '2019-02-28 16:22:35');
INSERT INTO `likes` (`id`, `user_id`, `media_id`, `post_id`, `created_at`) VALUES ('84', '84', '84', '84', '1987-03-25 04:44:03');
INSERT INTO `likes` (`id`, `user_id`, `media_id`, `post_id`, `created_at`) VALUES ('85', '85', '85', '85', '2016-07-18 18:42:07');
INSERT INTO `likes` (`id`, `user_id`, `media_id`, `post_id`, `created_at`) VALUES ('86', '86', '86', '86', '2016-02-12 08:45:00');
INSERT INTO `likes` (`id`, `user_id`, `media_id`, `post_id`, `created_at`) VALUES ('87', '87', '87', '87', '1985-03-08 13:50:21');
INSERT INTO `likes` (`id`, `user_id`, `media_id`, `post_id`, `created_at`) VALUES ('88', '88', '88', '88', '2017-10-12 08:54:27');
INSERT INTO `likes` (`id`, `user_id`, `media_id`, `post_id`, `created_at`) VALUES ('89', '89', '89', '89', '2018-08-30 16:05:48');
INSERT INTO `likes` (`id`, `user_id`, `media_id`, `post_id`, `created_at`) VALUES ('90', '90', '90', '90', '2012-05-19 07:58:18');
INSERT INTO `likes` (`id`, `user_id`, `media_id`, `post_id`, `created_at`) VALUES ('91', '91', '91', '91', '1980-04-26 08:43:21');
INSERT INTO `likes` (`id`, `user_id`, `media_id`, `post_id`, `created_at`) VALUES ('92', '92', '92', '92', '2014-08-07 13:01:28');
INSERT INTO `likes` (`id`, `user_id`, `media_id`, `post_id`, `created_at`) VALUES ('93', '93', '93', '93', '1975-09-09 15:09:48');
INSERT INTO `likes` (`id`, `user_id`, `media_id`, `post_id`, `created_at`) VALUES ('94', '94', '94', '94', '1978-06-28 03:08:03');
INSERT INTO `likes` (`id`, `user_id`, `media_id`, `post_id`, `created_at`) VALUES ('95', '95', '95', '95', '1970-11-27 00:11:33');
INSERT INTO `likes` (`id`, `user_id`, `media_id`, `post_id`, `created_at`) VALUES ('96', '96', '96', '96', '1996-11-02 18:45:04');
INSERT INTO `likes` (`id`, `user_id`, `media_id`, `post_id`, `created_at`) VALUES ('97', '97', '97', '97', '1991-12-04 19:50:28');
INSERT INTO `likes` (`id`, `user_id`, `media_id`, `post_id`, `created_at`) VALUES ('98', '98', '98', '98', '1997-06-25 09:40:23');
INSERT INTO `likes` (`id`, `user_id`, `media_id`, `post_id`, `created_at`) VALUES ('99', '99', '99', '99', '2011-12-30 01:00:23');
INSERT INTO `likes` (`id`, `user_id`, `media_id`, `post_id`, `created_at`) VALUES ('100', '100', '100', '100', '1976-11-28 01:26:50');

select * from `profiles`;